MAC,RSSI,Monotonic,UTC (ESP),UTC Now (SYS),UTC Now (NTP),Time sync,UTC NTP - UTC ESP
0b:63:1b:da:3e:3b,-73,35587,2026-04-07 23:16:05.403000,2026-04-07 23:16:22.833499,2026-04-07 23:16:22.653937,True,17250.936
f5:05:dc:56:a4:77,-70,35637,2026-04-07 23:16:05.453000,2026-04-07 23:16:22.834504,2026-04-07 23:16:22.654959,True,17201.958
0b:63:1b:da:3e:3b,-82,35675,2026-04-07 23:16:05.491000,2026-04-07 23:16:22.834504,2026-04-07 23:16:22.655964,True,17164.963
1d:a8:40:2d:17:f8,-82,35675,2026-04-07 23:16:05.491000,2026-04-07 23:16:22.835511,2026-04-07 23:16:22.656971,True,17165.97
0b:63:1b:da:3e:3b,-75,35787,2026-04-07 23:16:05.603000,2026-04-07 23:16:22.836518,2026-04-07 23:16:22.656971,True,17053.97
0b:63:1b:da:3e:3b,-80,35987,2026-04-07 23:16:05.803000,2026-04-07 23:16:22.837527,2026-04-07 23:16:22.657978,True,16854.977
0b:63:1b:da:3e:3b,-75,36087,2026-04-07 23:16:05.903000,2026-04-07 23:16:22.837527,2026-04-07 23:16:22.658987,True,16755.986
49:1f:eb:cd:ba:d4,-76,36137,2026-04-07 23:16:05.953000,2026-04-07 23:16:22.838534,2026-04-07 23:16:22.659994,True,16706.994
1d:37:3c:38:64:c2,-71,36387,2026-04-07 23:16:06.203000,2026-04-07 23:16:22.839543,2026-04-07 23:16:22.661003,True,16458.002
0b:63:1b:da:3e:3b,-72,36637,2026-04-07 23:16:06.453000,2026-04-07 23:16:22.840601,2026-04-07 23:16:22.661003,True,16208.002
f5:05:dc:56:a4:77,-80,36737,2026-04-07 23:16:06.553000,2026-04-07 23:16:22.840601,2026-04-07 23:16:22.662061,True,16109.06
0b:63:1b:da:3e:3b,-75,36837,2026-04-07 23:16:06.653000,2026-04-07 23:16:22.841623,2026-04-07 23:16:22.663083,True,16010.082
57:14:14:81:01:ce,-66,36930,2026-04-07 23:16:06.746000,2026-04-07 23:16:22.842636,2026-04-07 23:16:22.663083,True,15917.082
0b:63:1b:da:3e:3b,-72,36930,2026-04-07 23:16:06.746000,2026-04-07 23:16:22.842636,2026-04-07 23:16:22.664096,True,15918.096
f5:05:dc:56:a4:77,-79,37036,2026-04-07 23:16:06.852000,2026-04-07 23:16:22.843642,2026-04-07 23:16:22.665102,True,15813.101
0b:63:1b:da:3e:3b,-82,37036,2026-04-07 23:16:06.852000,2026-04-07 23:16:22.844649,2026-04-07 23:16:22.665102,True,15813.101
49:1f:eb:cd:ba:d4,-64,37087,2026-04-07 23:16:06.903000,2026-04-07 23:16:22.844649,2026-04-07 23:16:22.666109,True,15763.108
f5:05:dc:56:a4:77,-70,37287,2026-04-07 23:16:07.103000,2026-04-07 23:16:22.845658,2026-04-07 23:16:22.667118,True,15564.117
1d:a8:40:2d:17:f8,-85,37337,2026-04-07 23:16:07.153000,2026-04-07 23:16:22.846665,2026-04-07 23:16:22.667118,True,15514.117
0b:63:1b:da:3e:3b,-82,37487,2026-04-07 23:16:07.303000,2026-04-07 23:16:22.846665,2026-04-07 23:16:22.668125,True,15365.124
0b:63:1b:da:3e:3b,-74,37568,2026-04-07 23:16:07.384000,2026-04-07 23:16:22.847676,2026-04-07 23:16:22.669136,True,15285.135
49:1f:eb:cd:ba:d4,-68,37568,2026-04-07 23:16:07.384000,2026-04-07 23:16:22.848741,2026-04-07 23:16:22.669136,True,15285.135
f5:05:dc:56:a4:77,-71,37587,2026-04-07 23:16:07.403000,2026-04-07 23:16:22.849749,2026-04-07 23:16:22.670201,True,15267.2
0b:63:1b:da:3e:3b,-73,37687,2026-04-07 23:16:07.503000,2026-04-07 23:16:22.850756,2026-04-07 23:16:22.671209,True,15168.208
0b:63:1b:da:3e:3b,-81,37787,2026-04-07 23:16:07.603000,2026-04-07 23:16:22.851764,2026-04-07 23:16:22.672216,True,15069.215
0b:63:1b:da:3e:3b,-72,37887,2026-04-07 23:16:07.703000,2026-04-07 23:16:22.851764,2026-04-07 23:16:22.673224,True,14970.223
57:14:14:81:01:ce,-75,37937,2026-04-07 23:16:07.753000,2026-04-07 23:16:22.852934,2026-04-07 23:16:22.673224,True,14920.223
0b:63:1b:da:3e:3b,-72,38337,2026-04-07 23:16:08.153000,2026-04-07 23:16:22.853935,2026-04-07 23:16:22.674394,True,14521.393
1d:37:3c:38:64:c2,-80,38387,2026-04-07 23:16:08.203000,2026-04-07 23:16:22.854441,2026-04-07 23:16:22.675395,True,14472.394
0b:63:1b:da:3e:3b,-72,38437,2026-04-07 23:16:08.253000,2026-04-07 23:16:22.854441,2026-04-07 23:16:22.675901,True,14422.9
49:1f:eb:cd:ba:d4,-78,38537,2026-04-07 23:16:08.353000,2026-04-07 23:16:22.855645,2026-04-07 23:16:22.675901,True,14322.9
0b:63:1b:da:3e:3b,-74,38637,2026-04-07 23:16:08.453000,2026-04-07 23:16:22.856693,2026-04-07 23:16:22.677105,True,14224.104
f5:05:dc:56:a4:77,-80,38687,2026-04-07 23:16:08.503000,2026-04-07 23:16:22.857713,2026-04-07 23:16:22.678153,True,14175.152
0b:63:1b:da:3e:3b,-70,39187,2026-04-07 23:16:09.003000,2026-04-07 23:16:22.857713,2026-04-07 23:16:22.679173,True,13676.172
f5:05:dc:56:a4:77,-70,39237,2026-04-07 23:16:09.053000,2026-04-07 23:16:22.858724,2026-04-07 23:16:22.680184,True,13627.184
0b:63:1b:da:3e:3b,-82,39287,2026-04-07 23:16:09.103000,2026-04-07 23:16:22.859737,2026-04-07 23:16:22.681197,True,13578.196
0b:63:1b:da:3e:3b,-70,39485,2026-04-07 23:16:09.301000,2026-04-07 23:16:22.859737,2026-04-07 23:16:22.681197,True,13380.196
49:1f:eb:cd:ba:d4,-66,39485,2026-04-07 23:16:09.301000,2026-04-07 23:16:22.861134,2026-04-07 23:16:22.681197,True,13380.196
1d:a8:40:2d:17:f8,-84,39587,2026-04-07 23:16:09.403000,2026-04-07 23:16:22.861134,2026-04-07 23:16:22.682594,True,13279.593
0b:63:1b:da:3e:3b,-78,39587,2026-04-07 23:16:09.403000,2026-04-07 23:16:22.862342,2026-04-07 23:16:22.683802,True,13280.801
57:14:14:81:01:ce,-67,39937,2026-04-07 23:16:09.753000,2026-04-07 23:16:22.863366,2026-04-07 23:16:22.683802,True,12930.801
49:1f:eb:cd:ba:d4,-68,39987,2026-04-07 23:16:09.803000,2026-04-07 23:16:22.863366,2026-04-07 23:16:22.684826,True,12881.825
0b:63:1b:da:3e:3b,-81,40037,2026-04-07 23:16:09.853000,2026-04-07 23:16:22.864661,2026-04-07 23:16:22.684826,True,12831.825
81:fc:c7:5b:0c:d4,-50,40187,2026-04-07 23:16:10.003000,2026-04-07 23:16:22.864661,2026-04-07 23:16:22.686121,True,12683.12
0b:63:1b:da:3e:3b,-72,40237,2026-04-07 23:16:10.053000,2026-04-07 23:16:22.865670,2026-04-07 23:16:22.687130,True,12634.129
0b:63:1b:da:3e:3b,-80,40322,2026-04-07 23:16:10.138000,2026-04-07 23:16:22.866677,2026-04-07 23:16:22.687130,True,12549.129
f5:05:dc:56:a4:77,-81,40322,2026-04-07 23:16:10.138000,2026-04-07 23:16:22.866677,2026-04-07 23:16:22.688137,True,12550.136
1d:37:3c:38:64:c2,-73,40387,2026-04-07 23:16:10.203000,2026-04-07 23:16:22.867684,2026-04-07 23:16:22.688137,True,12485.136
0b:63:1b:da:3e:3b,-74,40437,2026-04-07 23:16:10.253000,2026-04-07 23:16:22.867684,2026-04-07 23:16:22.689144,True,12436.143
0b:63:1b:da:3e:3b,-77,40537,2026-04-07 23:16:10.353000,2026-04-07 23:16:22.869151,2026-04-07 23:16:22.689144,True,12336.143
0b:63:1b:da:3e:3b,-81,40637,2026-04-07 23:16:10.453000,2026-04-07 23:16:22.869151,2026-04-07 23:16:22.690611,True,12237.611
0b:63:1b:da:3e:3b,-72,40737,2026-04-07 23:16:10.553000,2026-04-07 23:16:22.870162,2026-04-07 23:16:22.691622,True,12138.621
f5:05:dc:56:a4:77,-72,40887,2026-04-07 23:16:10.703000,2026-04-07 23:16:22.871183,2026-04-07 23:16:22.692643,True,11989.642
57:14:14:81:01:ce,-74,40931,2026-04-07 23:16:10.747000,2026-04-07 23:16:22.871183,2026-04-07 23:16:22.692643,True,11945.642
49:1f:eb:cd:ba:d4,-77,40931,2026-04-07 23:16:10.747000,2026-04-07 23:16:22.872517,2026-04-07 23:16:22.693977,True,11946.977
49:1f:eb:cd:ba:d4,-64,41437,2026-04-07 23:16:11.253000,2026-04-07 23:16:22.873538,2026-04-07 23:16:22.693977,True,11440.977
0b:63:1b:da:3e:3b,-81,41787,2026-04-07 23:16:11.603000,2026-04-07 23:16:22.873538,2026-04-07 23:16:22.694998,True,11091.997
f5:05:dc:56:a4:77,-79,41978,2026-04-07 23:16:11.794000,2026-04-07 23:16:22.874845,2026-04-07 23:16:22.694998,True,10900.997
0b:63:1b:da:3e:3b,-79,41978,2026-04-07 23:16:11.794000,2026-04-07 23:16:22.874845,2026-04-07 23:16:22.696305,True,10902.304
49:1f:eb:cd:ba:d4,-69,42383,2026-04-07 23:16:12.199000,2026-04-07 23:16:22.876215,2026-04-07 23:16:22.696305,True,10497.304
1d:37:3c:38:64:c2,-72,42383,2026-04-07 23:16:12.199000,2026-04-07 23:16:22.876215,2026-04-07 23:16:22.697675,True,10498.674
f5:05:dc:56:a4:77,-70,42537,2026-04-07 23:16:12.353000,2026-04-07 23:16:22.877608,2026-04-07 23:16:22.697675,True,10344.674
0b:63:1b:da:3e:3b,-81,42737,2026-04-07 23:16:12.553000,2026-04-07 23:16:22.877608,2026-04-07 23:16:22.699068,True,10146.067
1d:a8:40:2d:17:f8,-80,42887,2026-04-07 23:16:12.703000,2026-04-07 23:16:22.879004,2026-04-07 23:16:22.700464,True,9997.463
57:14:14:81:01:ce,-66,42927,2026-04-07 23:16:12.743000,2026-04-07 23:16:22.880090,2026-04-07 23:16:22.700464,True,9957.463
0b:63:1b:da:3e:3b,-71,42927,2026-04-07 23:16:12.743000,2026-04-07 23:16:22.881100,2026-04-07 23:16:22.701550,True,9958.549
0b:63:1b:da:3e:3b,-77,43037,2026-04-07 23:16:12.853000,2026-04-07 23:16:22.881100,2026-04-07 23:16:22.702560,True,9849.559
0b:63:1b:da:3e:3b,-72,43237,2026-04-07 23:16:13.053000,2026-04-07 23:16:22.882107,2026-04-07 23:16:22.702560,True,9649.559
49:1f:eb:cd:ba:d4,-76,43337,2026-04-07 23:16:13.153000,2026-04-07 23:16:22.883115,2026-04-07 23:16:22.703567,True,9550.566
f5:05:dc:56:a4:77,-81,43637,2026-04-07 23:16:13.453000,2026-04-07 23:16:22.883115,2026-04-07 23:16:22.704575,True,9251.574
57:14:14:81:01:ce,-75,43937,2026-04-07 23:16:13.753000,2026-04-07 23:16:22.884122,2026-04-07 23:16:22.705582,True,8952.581
0b:63:1b:da:3e:3b,-78,44087,2026-04-07 23:16:13.903000,2026-04-07 23:16:22.885335,2026-04-07 23:16:22.705582,True,8802.581
1d:a8:40:2d:17:f8,-80,44087,2026-04-07 23:16:13.903000,2026-04-07 23:16:22.885335,2026-04-07 23:16:22.706795,True,8803.794
f5:05:dc:56:a4:77,-69,44175,2026-04-07 23:16:13.991000,2026-04-07 23:16:22.885335,2026-04-07 23:16:22.706795,True,8715.794
81:fc:c7:5b:0c:d4,-53,44175,2026-04-07 23:16:13.991000,2026-04-07 23:16:22.886745,2026-04-07 23:16:22.708205,True,8717.204
49:1f:eb:cd:ba:d4,-65,44287,2026-04-07 23:16:14.103000,2026-04-07 23:16:22.886745,2026-04-07 23:16:22.708205,True,8605.204
1d:37:3c:38:64:c2,-82,44387,2026-04-07 23:16:14.203000,2026-04-07 23:16:22.888112,2026-04-07 23:16:22.709572,True,8506.571
0b:63:1b:da:3e:3b,-75,44737,2026-04-07 23:16:14.553000,2026-04-07 23:16:22.888112,2026-04-07 23:16:22.709572,True,8156.571
49:1f:eb:cd:ba:d4,-66,44787,2026-04-07 23:16:14.603000,2026-04-07 23:16:22.889418,2026-04-07 23:16:22.710878,True,8107.877
0b:63:1b:da:3e:3b,-77,44837,2026-04-07 23:16:14.653000,2026-04-07 23:16:22.890819,2026-04-07 23:16:22.710878,True,8057.877
f5:05:dc:56:a4:77,-80,44987,2026-04-07 23:16:14.803000,2026-04-07 23:16:22.890819,2026-04-07 23:16:22.712279,True,7909.278
0b:63:1b:da:3e:3b,-74,45037,2026-04-07 23:16:14.853000,2026-04-07 23:16:22.891948,2026-04-07 23:16:22.713408,True,7860.407
1d:a8:40:2d:17:f8,-81,45133,2026-04-07 23:16:14.949000,2026-04-07 23:16:22.892970,2026-04-07 23:16:22.713408,True,7764.407
0b:63:1b:da:3e:3b,-78,45133,2026-04-07 23:16:14.949000,2026-04-07 23:16:22.892970,2026-04-07 23:16:22.714430,True,7765.429
f5:05:dc:56:a4:77,-69,45537,2026-04-07 23:16:15.353000,2026-04-07 23:16:22.894213,2026-04-07 23:16:22.714430,True,7361.429
1d:a8:40:2d:17:f8,-84,45724,2026-04-07 23:16:15.540000,2026-04-07 23:16:22.894213,2026-04-07 23:16:22.715673,True,7175.672
49:1f:eb:cd:ba:d4,-75,45724,2026-04-07 23:16:15.540000,2026-04-07 23:16:22.895363,2026-04-07 23:16:22.716823,True,7176.822
f5:05:dc:56:a4:77,-72,45837,2026-04-07 23:16:15.653000,2026-04-07 23:16:22.896452,2026-04-07 23:16:22.716823,True,7063.822
0b:63:1b:da:3e:3b,-79,45887,2026-04-07 23:16:15.703000,2026-04-07 23:16:22.897548,2026-04-07 23:16:22.717912,True,7014.911
57:14:14:81:01:ce,-67,45937,2026-04-07 23:16:15.753000,2026-04-07 23:16:22.897548,2026-04-07 23:16:22.719008,True,6966.007
0b:63:1b:da:3e:3b,-82,46182,2026-04-07 23:16:15.998000,2026-04-07 23:16:22.898556,2026-04-07 23:16:22.719008,True,6721.007
81:fc:c7:5b:0c:d4,-48,46182,2026-04-07 23:16:15.998000,2026-04-07 23:16:22.899624,2026-04-07 23:16:22.720016,True,6722.015
1d:a8:40:2d:17:f8,-81,46337,2026-04-07 23:16:16.153000,2026-04-07 23:16:22.899624,2026-04-07 23:16:22.721084,True,6568.084
0b:63:1b:da:3e:3b,-73,46385,2026-04-07 23:16:16.201000,2026-04-07 23:16:22.900632,2026-04-07 23:16:22.722092,True,6521.091
1d:37:3c:38:64:c2,-73,46385,2026-04-07 23:16:16.201000,2026-04-07 23:16:22.901652,2026-04-07 23:16:22.722092,True,6521.091
0b:63:1b:da:3e:3b,-79,46487,2026-04-07 23:16:16.303000,2026-04-07 23:16:22.901652,2026-04-07 23:16:22.723112,True,6420.111
49:1f:eb:cd:ba:d4,-64,46687,2026-04-07 23:16:16.503000,2026-04-07 23:16:22.902787,2026-04-07 23:16:22.724247,True,6221.246
f5:05:dc:56:a4:77,-79,46927,2026-04-07 23:16:16.743000,2026-04-07 23:16:22.903796,2026-04-07 23:16:22.724247,True,5981.246
57:14:14:81:01:ce,-76,46927,2026-04-07 23:16:16.743000,2026-04-07 23:16:22.903796,2026-04-07 23:16:22.725256,True,5982.255
0b:63:1b:da:3e:3b,-74,47437,2026-04-07 23:16:17.253000,2026-04-07 23:16:22.904933,2026-04-07 23:16:22.726393,True,5473.392
0b:63:1b:da:3e:3b,-79,47537,2026-04-07 23:16:17.353000,2026-04-07 23:16:22.904933,2026-04-07 23:16:22.726393,True,5373.392
0b:63:1b:da:3e:3b,-78,47837,2026-04-07 23:16:17.654000,2026-04-07 23:16:22.906270,2026-04-07 23:16:22.727730,True,5073.729
1d:a8:40:2d:17:f8,-82,47987,2026-04-07 23:16:17.803000,2026-04-07 23:16:22.906270,2026-04-07 23:16:22.727730,True,4924.729
f5:05:dc:56:a4:77,-78,48036,2026-04-07 23:16:17.852000,2026-04-07 23:16:22.907735,2026-04-07 23:16:22.729195,True,4877.195
0b:63:1b:da:3e:3b,-74,48036,2026-04-07 23:16:17.852000,2026-04-07 23:16:22.908746,2026-04-07 23:16:22.729195,True,4877.195
49:1f:eb:cd:ba:d4,-76,48137,2026-04-07 23:16:17.953000,2026-04-07 23:16:22.908746,2026-04-07 23:16:22.730206,True,4777.205
50:03:85:be:7b:d6,-82,48438,2026-04-07 23:16:18.254000,2026-04-07 23:16:22.909756,2026-04-07 23:16:22.731216,True,4477.215
f5:05:dc:56:a4:77,-79,48583,2026-04-07 23:16:18.399000,2026-04-07 23:16:22.910783,2026-04-07 23:16:22.731216,True,4332.215
1d:a8:40:2d:17:f8,-82,48583,2026-04-07 23:16:18.399000,2026-04-07 23:16:22.911789,2026-04-07 23:16:22.732243,True,4333.242
49:1f:eb:cd:ba:d4,-66,48637,2026-04-07 23:16:18.453000,2026-04-07 23:16:22.911789,2026-04-07 23:16:22.733249,True,4280.248
57:14:14:81:01:ce,-65,48937,2026-04-07 23:16:18.754000,2026-04-07 23:16:22.911789,2026-04-07 23:16:22.733249,True,3979.248
0b:63:1b:da:3e:3b,-74,49083,2026-04-07 23:16:18.899000,2026-04-07 23:16:22.913165,2026-04-07 23:16:22.733249,True,3834.248
49:1f:eb:cd:ba:d4,-65,49083,2026-04-07 23:16:18.899000,2026-04-07 23:16:22.914195,2026-04-07 23:16:22.734625,True,3835.624
f5:05:dc:56:a4:77,-70,49137,2026-04-07 23:16:18.953000,2026-04-07 23:16:22.914195,2026-04-07 23:16:22.735655,True,3782.654
0b:63:1b:da:3e:3b,-80,49187,2026-04-07 23:16:19.003000,2026-04-07 23:16:22.915203,2026-04-07 23:16:22.735655,True,3732.654
0b:63:1b:da:3e:3b,-76,49388,2026-04-07 23:16:19.204000,2026-04-07 23:16:22.915203,2026-04-07 23:16:22.736663,True,3532.662
49:1f:eb:cd:ba:d4,-67,49588,2026-04-07 23:16:19.404000,2026-04-07 23:16:22.916223,2026-04-07 23:16:22.737683,True,3333.682
57:14:14:81:01:ce,-76,49938,2026-04-07 23:16:19.754000,2026-04-07 23:16:22.917229,2026-04-07 23:16:22.737683,True,2983.682
0b:63:1b:da:3e:3b,-73,50138,2026-04-07 23:16:19.954000,2026-04-07 23:16:22.917229,2026-04-07 23:16:22.738689,True,2784.688
f5:05:dc:56:a4:77,-80,50221,2026-04-07 23:16:20.037000,2026-04-07 23:16:22.918419,2026-04-07 23:16:22.738689,True,2701.688
1d:a8:40:2d:17:f8,-84,50221,2026-04-07 23:16:20.037000,2026-04-07 23:16:22.918419,2026-04-07 23:16:22.739879,True,2702.878
0b:63:1b:da:3e:3b,-78,50338,2026-04-07 23:16:20.154000,2026-04-07 23:16:22.919431,2026-04-07 23:16:22.740891,True,2586.89
0b:63:1b:da:3e:3b,-75,50438,2026-04-07 23:16:20.254000,2026-04-07 23:16:22.920441,2026-04-07 23:16:22.740891,True,2486.89
49:1f:eb:cd:ba:d4,-75,50538,2026-04-07 23:16:20.354000,2026-04-07 23:16:22.920441,2026-04-07 23:16:22.741901,True,2387.9
0b:63:1b:da:3e:3b,-76,50638,2026-04-07 23:16:20.454000,2026-04-07 23:16:22.921449,2026-04-07 23:16:22.742909,True,2288.908
0b:63:1b:da:3e:3b,-73,50738,2026-04-07 23:16:20.554000,2026-04-07 23:16:22.922460,2026-04-07 23:16:22.742909,True,2188.908
f5:05:dc:56:a4:77,-70,50788,2026-04-07 23:16:20.604000,2026-04-07 23:16:22.923470,2026-04-07 23:16:22.743920,True,2139.919
1d:a8:40:2d:17:f8,-83,50838,2026-04-07 23:16:20.654000,2026-04-07 23:16:22.924470,2026-04-07 23:16:22.744930,True,2090.929
1d:a8:40:2d:17:f8,-81,51875,2026-04-07 23:16:21.691000,2026-04-07 23:16:22.924470,2026-04-07 23:16:22.745930,True,1054.929
f5:05:dc:56:a4:77,-80,51875,2026-04-07 23:16:21.691000,2026-04-07 23:16:22.925470,2026-04-07 23:16:22.745930,True,1054.929
57:14:14:81:01:ce,-66,51938,2026-04-07 23:16:21.754000,2026-04-07 23:16:22.926538,2026-04-07 23:16:22.746930,True,992.93
49:1f:eb:cd:ba:d4,-67,51988,2026-04-07 23:16:21.804000,2026-04-07 23:16:22.926538,2026-04-07 23:16:22.747998,True,943.997
0b:63:1b:da:3e:3b,-73,52425,2026-04-07 23:16:22.241000,2026-04-07 23:16:22.927546,2026-04-07 23:16:22.749006,True,508.005
50:03:85:be:7b:d6,-70,52425,2026-04-07 23:16:22.241000,2026-04-07 23:16:22.928784,2026-04-07 23:16:22.749006,True,508.005
f5:05:dc:56:a4:77,-71,52437,2026-04-07 23:16:22.253000,2026-04-07 23:16:22.928784,2026-04-07 23:16:22.750244,True,497.243
0b:63:1b:da:3e:3b,-75,52538,2026-04-07 23:16:22.354000,2026-04-07 23:16:22.929797,2026-04-07 23:16:22.750244,True,396.243
0b:63:1b:da:3e:3b,-81,52638,2026-04-07 23:16:22.454000,2026-04-07 23:16:22.929797,2026-04-07 23:16:22.751257,True,297.256
0b:63:1b:da:3e:3b,-76,52838,2026-04-07 23:16:22.654000,2026-04-07 23:16:22.930808,2026-04-07 23:16:22.751257,True,97.256
57:14:14:81:01:ce,-74,52932,2026-04-07 23:16:22.748000,2026-04-07 23:16:23.560009,2026-04-07 23:16:23.380447,True,632.446
49:1f:eb:cd:ba:d4,-76,52932,2026-04-07 23:16:22.748000,2026-04-07 23:16:23.560009,2026-04-07 23:16:23.381469,True,633.468
1d:a8:40:2d:17:f8,-84,53532,2026-04-07 23:16:23.348000,2026-04-07 23:16:23.561040,2026-04-07 23:16:23.382500,True,34.499
f5:05:dc:56:a4:77,-81,53532,2026-04-07 23:16:23.348000,2026-04-07 23:16:23.914247,2026-04-07 23:16:23.735707,True,387.706
49:1f:eb:cd:ba:d4,-66,53888,2026-04-07 23:16:23.704000,2026-04-07 23:16:23.915272,2026-04-07 23:16:23.736732,True,32.731
f5:05:dc:56:a4:77,-73,54088,2026-04-07 23:16:23.904000,2026-04-07 23:16:24.115424,2026-04-07 23:16:23.935723,True,31.722
1d:a8:40:2d:17:f8,-82,54138,2026-04-07 23:16:23.954000,2026-04-07 23:16:24.315656,2026-04-07 23:16:24.136100,True,182.099
0b:63:1b:da:3e:3b,-80,54288,2026-04-07 23:16:24.104000,2026-04-07 23:16:24.315656,2026-04-07 23:16:24.137116,True,33.115
49:1f:eb:cd:ba:d4,-68,54371,2026-04-07 23:16:24.187000,2026-04-07 23:16:24.464467,2026-04-07 23:16:24.285927,True,98.926
0b:63:1b:da:3e:3b,-74,54371,2026-04-07 23:16:24.187000,2026-04-07 23:16:24.465481,2026-04-07 23:16:24.286941,True,99.94
50:03:85:be:7b:d6,-80,54438,2026-04-07 23:16:24.254000,2026-04-07 23:16:24.466491,2026-04-07 23:16:24.286941,True,32.94
0b:63:1b:da:3e:3b,-75,54488,2026-04-07 23:16:24.304000,2026-04-07 23:16:24.614402,2026-04-07 23:16:24.435862,True,131.861
0b:63:1b:da:3e:3b,-78,54588,2026-04-07 23:16:24.404000,2026-04-07 23:16:24.615643,2026-04-07 23:16:24.437103,True,33.102
1d:a8:40:2d:17:f8,-82,54738,2026-04-07 23:16:24.554000,2026-04-07 23:16:24.764725,2026-04-07 23:16:24.586185,True,32.184
57:14:14:81:01:ce,-67,54938,2026-04-07 23:16:24.754000,2026-04-07 23:16:24.964934,2026-04-07 23:16:24.784874,True,30.873
0b:63:1b:da:3e:3b,-76,55038,2026-04-07 23:16:24.854000,2026-04-07 23:16:25.164449,2026-04-07 23:16:24.985909,True,131.908
0b:63:1b:da:3e:3b,-71,55138,2026-04-07 23:16:24.954000,2026-04-07 23:16:25.164449,2026-04-07 23:16:24.985909,True,31.908
f5:05:dc:56:a4:77,-82,55188,2026-04-07 23:16:25.004000,2026-04-07 23:16:25.352386,2026-04-07 23:16:25.172598,True,168.598
0b:63:1b:da:3e:3b,-79,55324,2026-04-07 23:16:25.140000,2026-04-07 23:16:25.352386,2026-04-07 23:16:25.173846,True,33.845
49:1f:eb:cd:ba:d4,-77,55324,2026-04-07 23:16:25.140000,2026-04-07 23:16:25.464227,2026-04-07 23:16:25.285687,True,145.686
0b:63:1b:da:3e:3b,-71,55438,2026-04-07 23:16:25.254000,2026-04-07 23:16:25.465305,2026-04-07 23:16:25.286765,True,32.764
0b:63:1b:da:3e:3b,-72,55638,2026-04-07 23:16:25.454000,2026-04-07 23:16:25.665193,2026-04-07 23:16:25.485620,True,31.619
f5:05:dc:56:a4:77,-69,55738,2026-04-07 23:16:25.554000,2026-04-07 23:16:25.964987,2026-04-07 23:16:25.785439,True,231.438
57:14:14:81:01:ce,-75,55938,2026-04-07 23:16:25.754000,2026-04-07 23:16:25.966029,2026-04-07 23:16:25.786447,True,32.446
f5:05:dc:56:a4:77,-73,56288,2026-04-07 23:16:26.104000,2026-04-07 23:16:26.315522,2026-04-07 23:16:26.135969,True,31.968
49:1f:eb:cd:ba:d4,-65,56288,2026-04-07 23:16:26.104000,2026-04-07 23:16:26.815146,2026-04-07 23:16:26.635583,True,531.582
1d:a8:40:2d:17:f8,-85,56377,2026-04-07 23:16:26.193000,2026-04-07 23:16:26.815146,2026-04-07 23:16:26.636606,True,443.605
0b:63:1b:da:3e:3b,-80,56377,2026-04-07 23:16:26.193000,2026-04-07 23:16:26.816189,2026-04-07 23:16:26.636606,True,443.605
49:1f:eb:cd:ba:d4,-69,56788,2026-04-07 23:16:26.604000,2026-04-07 23:16:26.816189,2026-04-07 23:16:26.637649,True,33.648
f5:05:dc:56:a4:77,-80,56838,2026-04-07 23:16:26.654000,2026-04-07 23:16:27.144478,2026-04-07 23:16:26.965938,True,311.937
f5:05:dc:56:a4:77,-79,57114,2026-04-07 23:16:26.930000,2026-04-07 23:16:27.150531,2026-04-07 23:16:26.965938,True,35.937
0b:63:1b:da:3e:3b,-81,57114,2026-04-07 23:16:26.930000,2026-04-07 23:16:27.364142,2026-04-07 23:16:27.185602,True,255.601
0b:63:1b:da:3e:3b,-72,57338,2026-04-07 23:16:27.154000,2026-04-07 23:16:27.365218,2026-04-07 23:16:27.186678,True,32.677
f5:05:dc:56:a4:77,-69,57388,2026-04-07 23:16:27.204000,2026-04-07 23:16:27.565093,2026-04-07 23:16:27.385546,True,181.545
0b:63:1b:da:3e:3b,-75,57538,2026-04-07 23:16:27.354000,2026-04-07 23:16:27.566155,2026-04-07 23:16:27.386553,True,32.552
49:1f:eb:cd:ba:d4,-79,57738,2026-04-07 23:16:27.554000,2026-04-07 23:16:27.765022,2026-04-07 23:16:27.585465,True,31.464
57:14:14:81:01:ce,-68,57938,2026-04-07 23:16:27.754000,2026-04-07 23:16:27.964710,2026-04-07 23:16:27.786170,True,32.169
0b:63:1b:da:3e:3b,-81,58188,2026-04-07 23:16:28.004000,2026-04-07 23:16:28.214423,2026-04-07 23:16:28.035883,True,31.882
50:03:85:be:7b:d6,-69,58438,2026-04-07 23:16:28.254000,2026-04-07 23:16:28.464980,2026-04-07 23:16:28.285396,True,31.395
f5:05:dc:56:a4:77,-78,58488,2026-04-07 23:16:28.304000,2026-04-07 23:16:28.664754,2026-04-07 23:16:28.486214,True,182.213
1d:a8:40:2d:17:f8,-84,58638,2026-04-07 23:16:28.454000,2026-04-07 23:16:28.665934,2026-04-07 23:16:28.487394,True,33.393
49:1f:eb:cd:ba:d4,-64,58688,2026-04-07 23:16:28.504000,2026-04-07 23:16:28.964767,2026-04-07 23:16:28.786227,True,282.226
57:14:14:81:01:ce,-75,58938,2026-04-07 23:16:28.754000,2026-04-07 23:16:28.964767,2026-04-07 23:16:28.786227,True,32.226
49:1f:eb:cd:ba:d4,-68,59188,2026-04-07 23:16:29.004000,2026-04-07 23:16:29.214410,2026-04-07 23:16:29.035870,True,31.869
0b:63:1b:da:3e:3b,-82,59226,2026-04-07 23:16:29.042000,2026-04-07 23:16:29.365124,2026-04-07 23:16:29.185579,True,143.578
1d:a8:40:2d:17:f8,-81,59226,2026-04-07 23:16:29.042000,2026-04-07 23:16:29.365124,2026-04-07 23:16:29.186584,True,144.583
f5:05:dc:56:a4:77,-69,59338,2026-04-07 23:16:29.154000,2026-04-07 23:16:29.366139,2026-04-07 23:16:29.187599,True,33.598
1d:a8:40:2d:17:f8,-83,59838,2026-04-07 23:16:29.654000,2026-04-07 23:16:29.864437,2026-04-07 23:16:29.685897,True,31.896
f5:05:dc:56:a4:77,-71,59888,2026-04-07 23:16:29.704000,2026-04-07 23:16:30.164304,2026-04-07 23:16:29.985764,True,281.763
49:1f:eb:cd:ba:d4,-77,60138,2026-04-07 23:16:29.954000,2026-04-07 23:16:30.165315,2026-04-07 23:16:29.985764,True,31.763
81:fc:c7:5b:0c:d4,-52,60238,2026-04-07 23:16:30.054000,2026-04-07 23:16:30.314216,2026-04-07 23:16:30.135676,True,81.675
0b:63:1b:da:3e:3b,-79,60288,2026-04-07 23:16:30.104000,2026-04-07 23:16:30.315258,2026-04-07 23:16:30.136718,True,32.717
1d:37:3c:38:64:c2,-83,60417,2026-04-07 23:16:30.233000,2026-04-07 23:16:30.444130,2026-04-07 23:16:30.265590,True,32.589
f5:05:dc:56:a4:77,-79,60417,2026-04-07 23:16:30.233000,2026-04-07 23:16:30.914609,2026-04-07 23:16:30.734564,True,501.563
1d:a8:40:2d:17:f8,-82,60888,2026-04-07 23:16:30.704000,2026-04-07 23:16:30.915676,2026-04-07 23:16:30.736069,True,32.068
57:14:14:81:01:ce,-66,60938,2026-04-07 23:16:30.754000,2026-04-07 23:16:31.114324,2026-04-07 23:16:30.935784,True,181.783
f5:05:dc:56:a4:77,-71,60988,2026-04-07 23:16:30.804000,2026-04-07 23:16:31.115331,2026-04-07 23:16:30.936791,True,132.79
49:1f:eb:cd:ba:d4,-65,61088,2026-04-07 23:16:30.904000,2026-04-07 23:16:31.115331,2026-04-07 23:16:30.936791,True,32.79
1d:a8:40:2d:17:f8,-85,61488,2026-04-07 23:16:31.304000,2026-04-07 23:16:31.514149,2026-04-07 23:16:31.335609,True,31.608
49:1f:eb:cd:ba:d4,-68,61588,2026-04-07 23:16:31.404000,2026-04-07 23:16:31.964190,2026-04-07 23:16:31.785650,True,381.649
57:14:14:81:01:ce,-74,61938,2026-04-07 23:16:31.754000,2026-04-07 23:16:31.965202,2026-04-07 23:16:31.786662,True,32.661
0b:63:1b:da:3e:3b,-80,62072,2026-04-07 23:16:31.888000,2026-04-07 23:16:32.099144,2026-04-07 23:16:31.920604,True,32.603
f5:05:dc:56:a4:77,-78,62072,2026-04-07 23:16:31.888000,2026-04-07 23:16:32.264315,2026-04-07 23:16:32.085775,True,197.774
81:fc:c7:5b:0c:d4,-48,62238,2026-04-07 23:16:32.054000,2026-04-07 23:16:32.265366,2026-04-07 23:16:32.085775,True,31.774
0b:63:1b:da:3e:3b,-82,62388,2026-04-07 23:16:32.204000,2026-04-07 23:16:32.415112,2026-04-07 23:16:32.235568,True,31.567
1d:37:3c:38:64:c2,-71,62438,2026-04-07 23:16:32.254000,2026-04-07 23:16:32.564202,2026-04-07 23:16:32.385662,True,131.661
49:1f:eb:cd:ba:d4,-78,62538,2026-04-07 23:16:32.354000,2026-04-07 23:16:32.565205,2026-04-07 23:16:32.386665,True,32.664
0b:63:1b:da:3e:3b,-82,63118,2026-04-07 23:16:32.934000,2026-04-07 23:16:33.145085,2026-04-07 23:16:32.966545,True,32.544
1d:a8:40:2d:17:f8,-81,63118,2026-04-07 23:16:32.934000,2026-04-07 23:16:33.465111,2026-04-07 23:16:33.285566,True,351.565
0b:63:1b:da:3e:3b,-82,63438,2026-04-07 23:16:33.254000,2026-04-07 23:16:33.465111,2026-04-07 23:16:33.286571,True,32.57
49:1f:eb:cd:ba:d4,-64,63488,2026-04-07 23:16:33.304000,2026-04-07 23:16:33.761250,2026-04-07 23:16:33.582710,True,278.709
f5:05:dc:56:a4:77,-77,63735,2026-04-07 23:16:33.551000,2026-04-07 23:16:33.762325,2026-04-07 23:16:33.582710,True,31.709
1d:a8:40:2d:17:f8,-82,63735,2026-04-07 23:16:33.551000,2026-04-07 23:16:33.965112,2026-04-07 23:16:33.785567,True,234.566
57:14:14:81:01:ce,-67,63938,2026-04-07 23:16:33.754000,2026-04-07 23:16:33.965112,2026-04-07 23:16:33.786572,True,32.571
49:1f:eb:cd:ba:d4,-69,63988,2026-04-07 23:16:33.804000,2026-04-07 23:16:34.315036,2026-04-07 23:16:34.135304,True,331.303
f5:05:dc:56:a4:77,-71,64288,2026-04-07 23:16:34.104000,2026-04-07 23:16:34.315036,2026-04-07 23:16:34.136496,True,32.495
1d:37:3c:38:64:c2,-71,64438,2026-04-07 23:16:34.254000,2026-04-07 23:16:34.465341,2026-04-07 23:16:34.285765,True,31.764
50:03:85:be:7b:d6,-78,64485,2026-04-07 23:16:34.301000,2026-04-07 23:16:34.953931,2026-04-07 23:16:34.775391,True,474.39
0b:63:1b:da:3e:3b,-81,64485,2026-04-07 23:16:34.301000,2026-04-07 23:16:34.954932,2026-04-07 23:16:34.775391,True,474.39
49:1f:eb:cd:ba:d4,-77,64927,2026-04-07 23:16:34.743000,2026-04-07 23:16:34.954932,2026-04-07 23:16:34.776392,True,33.391
57:14:14:81:01:ce,-73,64927,2026-04-07 23:16:34.743000,2026-04-07 23:16:35.264868,2026-04-07 23:16:35.085318,True,342.317
0b:63:1b:da:3e:3b,-82,65238,2026-04-07 23:16:35.054000,2026-04-07 23:16:35.265881,2026-04-07 23:16:35.086328,True,32.327
1d:a8:40:2d:17:f8,-81,65374,2026-04-07 23:16:35.190000,2026-04-07 23:16:35.400590,2026-04-07 23:16:35.222050,True,32.049
f5:05:dc:56:a4:77,-78,65374,2026-04-07 23:16:35.190000,2026-04-07 23:16:35.565408,2026-04-07 23:16:35.385858,True,195.857
49:1f:eb:cd:ba:d4,-65,65438,2026-04-07 23:16:35.254000,2026-04-07 23:16:35.565408,2026-04-07 23:16:35.386868,True,132.867
0b:63:1b:da:3e:3b,-80,65538,2026-04-07 23:16:35.354000,2026-04-07 23:16:35.566414,2026-04-07 23:16:35.386868,True,32.867
49:1f:eb:cd:ba:d4,-64,65888,2026-04-07 23:16:35.704000,2026-04-07 23:16:35.914604,2026-04-07 23:16:35.736064,True,32.063
f5:05:dc:56:a4:77,-72,65938,2026-04-07 23:16:35.754000,2026-04-07 23:16:36.264728,2026-04-07 23:16:36.086188,True,332.187
1d:a8:40:2d:17:f8,-85,65988,2026-04-07 23:16:35.804000,2026-04-07 23:16:36.266079,2026-04-07 23:16:36.087539,True,283.538
81:fc:c7:5b:0c:d4,-53,66238,2026-04-07 23:16:36.054000,2026-04-07 23:16:36.266079,2026-04-07 23:16:36.087539,True,33.538
49:1f:eb:cd:ba:d4,-69,66388,2026-04-07 23:16:36.204000,2026-04-07 23:16:36.414902,2026-04-07 23:16:36.235276,True,31.275
1d:37:3c:38:64:c2,-83,66438,2026-04-07 23:16:36.254000,2026-04-07 23:16:36.614828,2026-04-07 23:16:36.436288,True,182.288
0b:63:1b:da:3e:3b,-84,66588,2026-04-07 23:16:36.404000,2026-04-07 23:16:36.615837,2026-04-07 23:16:36.436288,True,32.288
57:14:14:81:01:ce,-66,66938,2026-04-07 23:16:36.754000,2026-04-07 23:16:36.964467,2026-04-07 23:16:36.785927,True,31.926
f5:05:dc:56:a4:77,-81,67038,2026-04-07 23:16:36.854000,2026-04-07 23:16:37.364924,2026-04-07 23:16:37.185385,True,331.384
49:1f:eb:cd:ba:d4,-77,67338,2026-04-07 23:16:37.154000,2026-04-07 23:16:37.364924,2026-04-07 23:16:37.186384,True,32.383
f5:05:dc:56:a4:77,-72,67588,2026-04-07 23:16:37.404000,2026-04-07 23:16:37.614771,2026-04-07 23:16:37.436231,True,32.23
1d:a8:40:2d:17:f8,-84,67638,2026-04-07 23:16:37.454000,2026-04-07 23:16:37.865164,2026-04-07 23:16:37.685574,True,231.573
49:1f:eb:cd:ba:d4,-65,67838,2026-04-07 23:16:37.654000,2026-04-07 23:16:37.865164,2026-04-07 23:16:37.686624,True,32.623
57:14:14:81:01:ce,-75,67934,2026-04-07 23:16:37.750000,2026-04-07 23:16:38.315766,2026-04-07 23:16:38.136148,True,386.147
0b:63:1b:da:3e:3b,-79,67934,2026-04-07 23:16:37.750000,2026-04-07 23:16:38.315766,2026-04-07 23:16:38.137226,True,387.225
49:1f:eb:cd:ba:d4,-65,68288,2026-04-07 23:16:38.104000,2026-04-07 23:16:38.316778,2026-04-07 23:16:38.137226,True,33.225
1d:37:3c:38:64:c2,-72,68438,2026-04-07 23:16:38.254000,2026-04-07 23:16:38.465518,2026-04-07 23:16:38.285931,True,31.93
50:03:85:be:7b:d6,-71,68488,2026-04-07 23:16:38.304000,2026-04-07 23:16:38.701035,2026-04-07 23:16:38.521467,True,217.466
f5:05:dc:56:a4:77,-81,68674,2026-04-07 23:16:38.490000,2026-04-07 23:16:38.701035,2026-04-07 23:16:38.522495,True,32.494
0b:63:1b:da:3e:3b,-79,68674,2026-04-07 23:16:38.490000,2026-04-07 23:16:38.815463,2026-04-07 23:16:38.635897,True,145.896
49:1f:eb:cd:ba:d4,-68,68788,2026-04-07 23:16:38.604000,2026-04-07 23:16:38.815463,2026-04-07 23:16:38.636923,True,32.922
f5:05:dc:56:a4:77,-72,69238,2026-04-07 23:16:39.054000,2026-04-07 23:16:39.265867,2026-04-07 23:16:39.086222,True,32.221
1d:a8:40:2d:17:f8,-82,69288,2026-04-07 23:16:39.104000,2026-04-07 23:16:39.758276,2026-04-07 23:16:39.578723,True,474.722
0b:63:1b:da:3e:3b,-76,69731,2026-04-07 23:16:39.547000,2026-04-07 23:16:39.758276,2026-04-07 23:16:39.579736,True,32.735
49:1f:eb:cd:ba:d4,-78,69731,2026-04-07 23:16:39.547000,2026-04-07 23:16:39.914816,2026-04-07 23:16:39.735275,True,188.274
1d:a8:40:2d:17:f8,-82,69888,2026-04-07 23:16:39.704000,2026-04-07 23:16:39.915819,2026-04-07 23:16:39.736276,True,32.275
57:14:14:81:01:ce,-67,69938,2026-04-07 23:16:39.754000,2026-04-07 23:16:40.365067,2026-04-07 23:16:40.186527,True,432.526
f5:05:dc:56:a4:77,-77,70338,2026-04-07 23:16:40.154000,2026-04-07 23:16:40.366106,2026-04-07 23:16:40.186527,True,32.526
1d:37:3c:38:64:c2,-72,70438,2026-04-07 23:16:40.254000,2026-04-07 23:16:40.507498,2026-04-07 23:16:40.327944,True,73.943
0b:63:1b:da:3e:3b,-76,70480,2026-04-07 23:16:40.296000,2026-04-07 23:16:40.507498,2026-04-07 23:16:40.328958,True,32.957
50:03:85:be:7b:d6,-79,70480,2026-04-07 23:16:40.296000,2026-04-07 23:16:40.615120,2026-04-07 23:16:40.435489,True,139.488
1d:a8:40:2d:17:f8,-85,70488,2026-04-07 23:16:40.304000,2026-04-07 23:16:40.615120,2026-04-07 23:16:40.436580,True,132.579
0b:63:1b:da:3e:3b,-79,70588,2026-04-07 23:16:40.404000,2026-04-07 23:16:40.616160,2026-04-07 23:16:40.436580,True,32.579
0b:63:1b:da:3e:3b,-73,70788,2026-04-07 23:16:40.604000,2026-04-07 23:16:40.814997,2026-04-07 23:16:40.635446,True,31.445
f5:05:dc:56:a4:77,-70,70888,2026-04-07 23:16:40.704000,2026-04-07 23:16:40.964690,2026-04-07 23:16:40.786150,True,82.149
57:14:14:81:01:ce,-76,70938,2026-04-07 23:16:40.754000,2026-04-07 23:16:40.965697,2026-04-07 23:16:40.786150,True,32.149
f5:05:dc:56:a4:77,-75,71138,2026-04-07 23:16:40.954000,2026-04-07 23:16:41.165025,2026-04-07 23:16:40.985479,True,31.479
49:1f:eb:cd:ba:d4,-69,71188,2026-04-07 23:16:41.004000,2026-04-07 23:16:41.541668,2026-04-07 23:16:41.363128,True,359.127
1d:a8:40:2d:17:f8,-82,71515,2026-04-07 23:16:41.331000,2026-04-07 23:16:41.542680,2026-04-07 23:16:41.363128,True,32.127
0b:63:1b:da:3e:3b,-75,71515,2026-04-07 23:16:41.331000,2026-04-07 23:16:41.715443,2026-04-07 23:16:41.535898,True,204.897
f5:05:dc:56:a4:77,-78,71688,2026-04-07 23:16:41.504000,2026-04-07 23:16:41.715443,2026-04-07 23:16:41.536903,True,32.902
0b:63:1b:da:3e:3b,-76,71838,2026-04-07 23:16:41.654000,2026-04-07 23:16:41.864542,2026-04-07 23:16:41.686002,True,32.001
f5:05:dc:56:a4:77,-79,71988,2026-04-07 23:16:41.804000,2026-04-07 23:16:42.015093,2026-04-07 23:16:41.835547,True,31.546
1d:a8:40:2d:17:f8,-81,72133,2026-04-07 23:16:41.949000,2026-04-07 23:16:42.160279,2026-04-07 23:16:41.980727,True,31.726
49:1f:eb:cd:ba:d4,-78,72133,2026-04-07 23:16:41.949000,2026-04-07 23:16:42.265146,2026-04-07 23:16:42.085100,True,136.099
f5:05:dc:56:a4:77,-70,72238,2026-04-07 23:16:42.054000,2026-04-07 23:16:42.265146,2026-04-07 23:16:42.086606,True,32.605
1d:37:3c:38:64:c2,-80,72438,2026-04-07 23:16:42.254000,2026-04-07 23:16:42.464547,2026-04-07 23:16:42.286007,True,32.006
50:03:85:be:7b:d6,-76,72488,2026-04-07 23:16:42.304000,2026-04-07 23:16:42.614408,2026-04-07 23:16:42.435868,True,131.867
0b:63:1b:da:3e:3b,-78,72588,2026-04-07 23:16:42.404000,2026-04-07 23:16:42.615436,2026-04-07 23:16:42.435868,True,31.867
57:14:14:81:01:ce,-69,72938,2026-04-07 23:16:42.754000,2026-04-07 23:16:42.965095,2026-04-07 23:16:42.785546,True,31.545
49:1f:eb:cd:ba:d4,-64,73088,2026-04-07 23:16:42.904000,2026-04-07 23:16:43.114849,2026-04-07 23:16:42.936309,True,32.308
0b:63:1b:da:3e:3b,-81,73338,2026-04-07 23:16:43.154000,2026-04-07 23:16:43.364861,2026-04-07 23:16:43.186321,True,32.32
49:1f:eb:cd:ba:d4,-67,73588,2026-04-07 23:16:43.404000,2026-04-07 23:16:43.614707,2026-04-07 23:16:43.436167,True,32.166
f5:05:dc:56:a4:77,-80,73635,2026-04-07 23:16:43.451000,2026-04-07 23:16:43.964566,2026-04-07 23:16:43.786026,True,335.025
0b:63:1b:da:3e:3b,-74,73635,2026-04-07 23:16:43.451000,2026-04-07 23:16:43.965589,2026-04-07 23:16:43.787049,True,336.048
57:14:14:81:01:ce,-74,73938,2026-04-07 23:16:43.754000,2026-04-07 23:16:43.965589,2026-04-07 23:16:43.787049,True,33.048
f5:05:dc:56:a4:77,-69,74188,2026-04-07 23:16:44.004000,2026-04-07 23:16:44.214762,2026-04-07 23:16:44.036222,True,32.221
0b:63:1b:da:3e:3b,-78,74388,2026-04-07 23:16:44.204000,2026-04-07 23:16:44.415768,2026-04-07 23:16:44.236170,True,32.169
1d:37:3c:38:64:c2,-72,74438,2026-04-07 23:16:44.254000,2026-04-07 23:16:44.564126,2026-04-07 23:16:44.385586,True,131.585
49:1f:eb:cd:ba:d4,-77,74538,2026-04-07 23:16:44.354000,2026-04-07 23:16:44.565248,2026-04-07 23:16:44.386708,True,32.707
0b:63:1b:da:3e:3b,-80,74688,2026-04-07 23:16:44.504000,2026-04-07 23:16:44.714582,2026-04-07 23:16:44.536042,True,32.041
57:14:14:81:01:ce,-78,74938,2026-04-07 23:16:44.754000,2026-04-07 23:16:44.964532,2026-04-07 23:16:44.785992,True,31.991
f5:05:dc:56:a4:77,-78,74988,2026-04-07 23:16:44.804000,2026-04-07 23:16:45.165151,2026-04-07 23:16:44.985601,True,181.6
0b:63:1b:da:3e:3b,-77,75138,2026-04-07 23:16:44.954000,2026-04-07 23:16:45.165151,2026-04-07 23:16:44.986611,True,32.61
f5:05:dc:56:a4:77,-81,75288,2026-04-07 23:16:45.104000,2026-04-07 23:16:45.315263,2026-04-07 23:16:45.135496,True,31.495
1d:a8:40:2d:17:f8,-83,75429,2026-04-07 23:16:45.245000,2026-04-07 23:16:45.456093,2026-04-07 23:16:45.277553,True,32.552
0b:63:1b:da:3e:3b,-76,75429,2026-04-07 23:16:45.245000,2026-04-07 23:16:45.564335,2026-04-07 23:16:45.385795,True,140.795
49:1f:eb:cd:ba:d4,-65,75488,2026-04-07 23:16:45.304000,2026-04-07 23:16:45.565349,2026-04-07 23:16:45.386809,True,82.808
0b:63:1b:da:3e:3b,-80,75538,2026-04-07 23:16:45.354000,2026-04-07 23:16:45.565349,2026-04-07 23:16:45.386809,True,32.808
f5:05:dc:56:a4:77,-71,75838,2026-04-07 23:16:45.654000,2026-04-07 23:16:45.864624,2026-04-07 23:16:45.686084,True,32.083
57:14:14:81:01:ce,-67,75938,2026-04-07 23:16:45.754000,2026-04-07 23:16:46.014389,2026-04-07 23:16:45.835849,True,81.848
49:1f:eb:cd:ba:d4,-69,75988,2026-04-07 23:16:45.804000,2026-04-07 23:16:46.015398,2026-04-07 23:16:45.836858,True,32.857
81:fc:c7:5b:0c:d4,-50,76288,2026-04-07 23:16:46.104000,2026-04-07 23:16:46.314920,2026-04-07 23:16:46.136380,True,32.379
f5:05:dc:56:a4:77,-74,76388,2026-04-07 23:16:46.204000,2026-04-07 23:16:46.514419,2026-04-07 23:16:46.335879,True,131.878
0b:63:1b:da:3e:3b,-79,76488,2026-04-07 23:16:46.304000,2026-04-07 23:16:46.515423,2026-04-07 23:16:46.336883,True,32.882
0b:63:1b:da:3e:3b,-76,76788,2026-04-07 23:16:46.604000,2026-04-07 23:16:46.815132,2026-04-07 23:16:46.635541,True,31.54
f5:05:dc:56:a4:77,-80,76925,2026-04-07 23:16:46.741000,2026-04-07 23:16:46.951552,2026-04-07 23:16:46.773012,True,32.011
57:14:14:81:01:ce,-75,76925,2026-04-07 23:16:46.741000,2026-04-07 23:16:47.112320,2026-04-07 23:16:46.933780,True,192.779
49:1f:eb:cd:ba:d4,-79,76938,2026-04-07 23:16:46.754000,2026-04-07 23:16:47.113366,2026-04-07 23:16:46.933780,True,179.779
0b:63:1b:da:3e:3b,-77,76988,2026-04-07 23:16:46.804000,2026-04-07 23:16:47.113366,2026-04-07 23:16:46.934826,True,130.825
1d:a8:40:2d:17:f8,-82,77086,2026-04-07 23:16:46.902000,2026-04-07 23:16:47.114379,2026-04-07 23:16:46.934826,True,32.825
0b:63:1b:da:3e:3b,-75,77086,2026-04-07 23:16:46.902000,2026-04-07 23:16:47.565093,2026-04-07 23:16:47.385546,True,483.545
0b:63:1b:da:3e:3b,-77,77538,2026-04-07 23:16:47.354000,2026-04-07 23:16:47.565093,2026-04-07 23:16:47.386553,True,32.552
1d:a8:40:2d:17:f8,-82,77688,2026-04-07 23:16:47.504000,2026-04-07 23:16:47.715261,2026-04-07 23:16:47.535713,True,31.712
0b:63:1b:da:3e:3b,-80,77838,2026-04-07 23:16:47.654000,2026-04-07 23:16:47.864484,2026-04-07 23:16:47.685944,True,31.943
49:1f:eb:cd:ba:d4,-66,77888,2026-04-07 23:16:47.704000,2026-04-07 23:16:48.164597,2026-04-07 23:16:47.986057,True,282.056
0b:63:1b:da:3e:3b,-77,78138,2026-04-07 23:16:47.954000,2026-04-07 23:16:48.165606,2026-04-07 23:16:47.987066,True,33.065
81:fc:c7:5b:0c:d4,-49,78288,2026-04-07 23:16:48.104000,2026-04-07 23:16:48.315334,2026-04-07 23:16:48.135663,True,31.662
49:1f:eb:cd:ba:d4,-67,78388,2026-04-07 23:16:48.204000,2026-04-07 23:16:48.415316,2026-04-07 23:16:48.235708,True,31.707
f5:05:dc:56:a4:77,-81,78588,2026-04-07 23:16:48.404000,2026-04-07 23:16:48.615634,2026-04-07 23:16:48.436071,True,32.07
1d:a8:40:2d:17:f8,-83,78738,2026-04-07 23:16:48.554000,2026-04-07 23:16:48.765350,2026-04-07 23:16:48.585777,True,31.776
0b:63:1b:da:3e:3b,-79,78888,2026-04-07 23:16:48.704000,2026-04-07 23:16:48.915331,2026-04-07 23:16:48.735772,True,31.771
57:14:14:81:01:ce,-65,78938,2026-04-07 23:16:48.754000,2026-04-07 23:16:49.164564,2026-04-07 23:16:48.986024,True,232.023
f5:05:dc:56:a4:77,-71,79138,2026-04-07 23:16:48.954000,2026-04-07 23:16:49.165568,2026-04-07 23:16:48.986024,True,32.023
0b:63:1b:da:3e:3b,-75,79188,2026-04-07 23:16:49.004000,2026-04-07 23:16:49.314646,2026-04-07 23:16:49.136106,True,132.105
0b:63:1b:da:3e:3b,-79,79288,2026-04-07 23:16:49.104000,2026-04-07 23:16:49.315815,2026-04-07 23:16:49.137275,True,33.274
49:1f:eb:cd:ba:d4,-78,79338,2026-04-07 23:16:49.154000,2026-04-07 23:16:49.515230,2026-04-07 23:16:49.335482,True,181.482
0b:63:1b:da:3e:3b,-78,79488,2026-04-07 23:16:49.304000,2026-04-07 23:16:49.516284,2026-04-07 23:16:49.336690,True,32.689
57:14:14:81:01:ce,-73,79938,2026-04-07 23:16:49.754000,2026-04-07 23:16:49.964671,2026-04-07 23:16:49.786131,True,32.13
0b:63:1b:da:3e:3b,-79,80238,2026-04-07 23:16:50.054000,2026-04-07 23:16:50.265638,2026-04-07 23:16:50.086090,True,32.089
81:fc:c7:5b:0c:d4,-71,80285,2026-04-07 23:16:50.101000,2026-04-07 23:16:50.414711,2026-04-07 23:16:50.236171,True,135.17
49:1f:eb:cd:ba:d4,-65,80285,2026-04-07 23:16:50.101000,2026-04-07 23:16:50.415720,2026-04-07 23:16:50.236171,True,135.17
0b:63:1b:da:3e:3b,-77,80338,2026-04-07 23:16:50.154000,2026-04-07 23:16:50.415720,2026-04-07 23:16:50.237180,True,83.179
1d:a8:40:2d:17:f8,-82,80388,2026-04-07 23:16:50.204000,2026-04-07 23:16:50.416810,2026-04-07 23:16:50.237180,True,33.179
0b:63:1b:da:3e:3b,-79,80538,2026-04-07 23:16:50.354000,2026-04-07 23:16:50.565000,2026-04-07 23:16:50.386460,True,32.459
49:1f:eb:cd:ba:d4,-68,80775,2026-04-07 23:16:50.591000,2026-04-07 23:16:50.801177,2026-04-07 23:16:50.622637,True,31.636
f5:05:dc:56:a4:77,-71,80775,2026-04-07 23:16:50.591000,2026-04-07 23:16:51.014553,2026-04-07 23:16:50.836013,True,245.012
1d:a8:40:2d:17:f8,-83,80988,2026-04-07 23:16:50.804000,2026-04-07 23:16:51.015555,2026-04-07 23:16:50.836013,True,32.012
0b:63:1b:da:3e:3b,-76,81388,2026-04-07 23:16:51.204000,2026-04-07 23:16:51.415487,2026-04-07 23:16:51.236140,True,32.139
0b:63:1b:da:3e:3b,-79,81588,2026-04-07 23:16:51.404000,2026-04-07 23:16:51.614690,2026-04-07 23:16:51.436150,True,32.149
0b:63:1b:da:3e:3b,-76,81688,2026-04-07 23:16:51.504000,2026-04-07 23:16:51.715794,2026-04-07 23:16:51.536207,True,32.206
49:1f:eb:cd:ba:d4,-77,81738,2026-04-07 23:16:51.554000,2026-04-07 23:16:51.909392,2026-04-07 23:16:51.729771,True,175.77
f5:05:dc:56:a4:77,-78,81883,2026-04-07 23:16:51.699000,2026-04-07 23:16:51.909392,2026-04-07 23:16:51.730852,True,31.852
0b:63:1b:da:3e:3b,-77,81883,2026-04-07 23:16:51.699000,2026-04-07 23:16:52.014507,2026-04-07 23:16:51.835967,True,136.966
57:14:14:81:01:ce,-67,81938,2026-04-07 23:16:51.754000,2026-04-07 23:16:52.015689,2026-04-07 23:16:51.837149,True,83.148
0b:63:1b:da:3e:3b,-75,81988,2026-04-07 23:16:51.804000,2026-04-07 23:16:52.016707,2026-04-07 23:16:51.837149,True,33.148
49:1f:eb:cd:ba:d4,-65,82238,2026-04-07 23:16:52.054000,2026-04-07 23:16:52.265757,2026-04-07 23:16:52.086189,True,32.188
81:fc:c7:5b:0c:d4,-54,82288,2026-04-07 23:16:52.104000,2026-04-07 23:16:52.465068,2026-04-07 23:16:52.285523,True,181.522
f5:05:dc:56:a4:77,-73,82438,2026-04-07 23:16:52.254000,2026-04-07 23:16:52.465068,2026-04-07 23:16:52.286528,True,32.527
0b:63:1b:da:3e:3b,-79,82628,2026-04-07 23:16:52.444000,2026-04-07 23:16:52.655156,2026-04-07 23:16:52.475608,True,31.607
1d:a8:40:2d:17:f8,-81,82628,2026-04-07 23:16:52.444000,2026-04-07 23:16:52.954296,2026-04-07 23:16:52.774914,True,330.913
0b:63:1b:da:3e:3b,-79,82927,2026-04-07 23:16:52.743000,2026-04-07 23:16:52.954296,2026-04-07 23:16:52.775756,True,32.756
57:14:14:81:01:ce,-75,82927,2026-04-07 23:16:52.743000,2026-04-07 23:16:53.214932,2026-04-07 23:16:53.035384,True,292.383
f5:05:dc:56:a4:77,-77,82988,2026-04-07 23:16:52.804000,2026-04-07 23:16:53.214932,2026-04-07 23:16:53.036392,True,232.391
49:1f:eb:cd:ba:d4,-68,83188,2026-04-07 23:16:53.004000,2026-04-07 23:16:53.215951,2026-04-07 23:16:53.037411,True,33.41
0b:63:1b:da:3e:3b,-77,83237,2026-04-07 23:16:53.053000,2026-04-07 23:16:53.365064,2026-04-07 23:16:53.185518,True,132.517
f5:05:dc:56:a4:77,-76,83237,2026-04-07 23:16:53.053000,2026-04-07 23:16:53.365064,2026-04-07 23:16:53.186524,True,133.523
0b:63:1b:da:3e:3b,-79,83338,2026-04-07 23:16:53.154000,2026-04-07 23:16:53.366082,2026-04-07 23:16:53.187542,True,33.541
f5:05:dc:56:a4:77,-77,83538,2026-04-07 23:16:53.354000,2026-04-07 23:16:53.564672,2026-04-07 23:16:53.386132,True,32.131
f5:05:dc:56:a4:77,-74,83788,2026-04-07 23:16:53.604000,2026-04-07 23:16:53.814680,2026-04-07 23:16:53.636140,True,32.139
0b:63:1b:da:3e:3b,-76,83988,2026-04-07 23:16:53.804000,2026-04-07 23:16:54.014708,2026-04-07 23:16:53.836168,True,32.167
f5:05:dc:56:a4:77,-72,84088,2026-04-07 23:16:53.904000,2026-04-07 23:16:54.114788,2026-04-07 23:16:53.936248,True,32.247
49:1f:eb:cd:ba:d4,-79,84138,2026-04-07 23:16:53.954000,2026-04-07 23:16:54.312217,2026-04-07 23:16:54.132650,True,178.649
1d:a8:40:2d:17:f8,-80,84285,2026-04-07 23:16:54.101000,2026-04-07 23:16:54.312217,2026-04-07 23:16:54.133677,True,32.676
81:fc:c7:5b:0c:d4,-48,84286,2026-04-07 23:16:54.102000,2026-04-07 23:16:54.565329,2026-04-07 23:16:54.385780,True,283.779
0b:63:1b:da:3e:3b,-77,84288,2026-04-07 23:16:54.104000,2026-04-07 23:16:54.565329,2026-04-07 23:16:54.386789,True,282.788
50:03:85:be:7b:d6,-72,84538,2026-04-07 23:16:54.354000,2026-04-07 23:16:54.566362,2026-04-07 23:16:54.386789,True,32.788
0b:63:1b:da:3e:3b,-79,84738,2026-04-07 23:16:54.554000,2026-04-07 23:16:54.765303,2026-04-07 23:16:54.585758,True,31.757
f5:05:dc:56:a4:77,-76,84884,2026-04-07 23:16:54.700000,2026-04-07 23:16:54.911101,2026-04-07 23:16:54.731534,True,31.533
1d:a8:40:2d:17:f8,-82,84884,2026-04-07 23:16:54.700000,2026-04-07 23:16:55.115156,2026-04-07 23:16:54.935607,True,235.606
57:14:14:81:01:ce,-67,84938,2026-04-07 23:16:54.754000,2026-04-07 23:16:55.115156,2026-04-07 23:16:54.936616,True,182.615
49:1f:eb:cd:ba:d4,-63,85088,2026-04-07 23:16:54.904000,2026-04-07 23:16:55.116188,2026-04-07 23:16:54.936616,True,32.615
f5:05:dc:56:a4:77,-72,85438,2026-04-07 23:16:55.254000,2026-04-07 23:16:55.465060,2026-04-07 23:16:55.285515,True,31.514
49:1f:eb:cd:ba:d4,-66,85588,2026-04-07 23:16:55.404000,2026-04-07 23:16:55.614773,2026-04-07 23:16:55.436233,True,32.232
57:14:14:81:01:ce,-75,85938,2026-04-07 23:16:55.754000,2026-04-07 23:16:55.964730,2026-04-07 23:16:55.786190,True,32.189
f5:05:dc:56:a4:77,-76,85988,2026-04-07 23:16:55.804000,2026-04-07 23:16:56.515884,2026-04-07 23:16:56.336276,True,532.275
1d:37:3c:38:64:c2,-74,86488,2026-04-07 23:16:56.304000,2026-04-07 23:16:56.515884,2026-04-07 23:16:56.337344,True,33.343
50:03:85:be:7b:d6,-80,86528,2026-04-07 23:16:56.344000,2026-04-07 23:16:57.115352,2026-04-07 23:16:56.935807,True,591.806
f5:05:dc:56:a4:77,-80,86528,2026-04-07 23:16:56.344000,2026-04-07 23:16:57.116376,2026-04-07 23:16:56.936812,True,592.811
49:1f:eb:cd:ba:d4,-78,86538,2026-04-07 23:16:56.354000,2026-04-07 23:16:57.116376,2026-04-07 23:16:56.937836,True,583.835
f5:05:dc:56:a4:77,-74,87088,2026-04-07 23:16:56.904000,2026-04-07 23:16:57.116376,2026-04-07 23:16:56.937836,True,33.835
f5:05:dc:56:a4:77,-74,87388,2026-04-07 23:16:57.204000,2026-04-07 23:16:57.414796,2026-04-07 23:16:57.236256,True,32.256
49:1f:eb:cd:ba:d4,-65,87488,2026-04-07 23:16:57.304000,2026-04-07 23:16:57.965261,2026-04-07 23:16:57.785716,True,481.715
57:14:14:81:01:ce,-67,87938,2026-04-07 23:16:57.754000,2026-04-07 23:16:57.965261,2026-04-07 23:16:57.786721,True,32.72
49:1f:eb:cd:ba:d4,-69,87988,2026-04-07 23:16:57.804000,2026-04-07 23:16:58.494988,2026-04-07 23:16:58.316448,True,512.447
1d:37:3c:38:64:c2,-81,88469,2026-04-07 23:16:58.285000,2026-04-07 23:16:58.495997,2026-04-07 23:16:58.316448,True,31.447
f5:05:dc:56:a4:77,-81,88469,2026-04-07 23:16:58.285000,2026-04-07 23:16:58.815399,2026-04-07 23:16:58.635762,True,350.761
1d:a8:40:2d:17:f8,-84,88788,2026-04-07 23:16:58.604000,2026-04-07 23:16:58.815399,2026-04-07 23:16:58.636859,True,32.858
57:14:14:81:01:ce,-74,88931,2026-04-07 23:16:58.747000,2026-04-07 23:16:58.957727,2026-04-07 23:16:58.779187,True,32.186
49:1f:eb:cd:ba:d4,-77,88931,2026-04-07 23:16:58.747000,2026-04-07 23:16:59.064931,2026-04-07 23:16:58.886391,True,139.39
f5:05:dc:56:a4:77,-72,89038,2026-04-07 23:16:58.854000,2026-04-07 23:16:59.065957,2026-04-07 23:16:58.886391,True,32.39
49:1f:eb:cd:ba:d4,-65,89888,2026-04-07 23:16:59.704000,2026-04-07 23:16:59.915412,2026-04-07 23:16:59.735862,True,31.861
f5:05:dc:56:a4:77,-82,90138,2026-04-07 23:16:59.954000,2026-04-07 23:17:00.164973,2026-04-07 23:16:59.986433,True,32.432
81:fc:c7:5b:0c:d4,-69,90338,2026-04-07 23:17:00.154000,2026-04-07 23:17:00.364786,2026-04-07 23:17:00.186246,True,32.245
49:1f:eb:cd:ba:d4,-70,90388,2026-04-07 23:17:00.204000,2026-04-07 23:17:00.515044,2026-04-07 23:17:00.336504,True,132.503
1d:a8:40:2d:17:f8,-82,90438,2026-04-07 23:17:00.254000,2026-04-07 23:17:00.516050,2026-04-07 23:17:00.336504,True,82.503
1d:37:3c:38:64:c2,-72,90488,2026-04-07 23:17:00.304000,2026-04-07 23:17:00.516050,2026-04-07 23:17:00.337510,True,33.509
50:03:85:be:7b:d6,-74,90538,2026-04-07 23:17:00.354000,2026-04-07 23:17:00.965907,2026-04-07 23:17:00.786340,True,432.339
57:14:14:81:01:ce,-66,90938,2026-04-07 23:17:00.754000,2026-04-07 23:17:00.965907,2026-04-07 23:17:00.787367,True,33.366
1d:a8:40:2d:17:f8,-81,91038,2026-04-07 23:17:00.854000,2026-04-07 23:17:01.064996,2026-04-07 23:17:00.886456,True,32.455
49:1f:eb:cd:ba:d4,-79,91338,2026-04-07 23:17:01.154000,2026-04-07 23:17:01.365106,2026-04-07 23:17:01.186566,True,32.566
f5:05:dc:56:a4:77,-82,91788,2026-04-07 23:17:01.604000,2026-04-07 23:17:01.815619,2026-04-07 23:17:01.636017,True,32.016
57:14:14:81:01:ce,-74,91938,2026-04-07 23:17:01.754000,2026-04-07 23:17:01.965027,2026-04-07 23:17:01.786487,True,32.486
49:1f:eb:cd:ba:d4,-64,92288,2026-04-07 23:17:02.104000,2026-04-07 23:17:02.314772,2026-04-07 23:17:02.136232,True,32.231
1d:37:3c:38:64:c2,-74,92488,2026-04-07 23:17:02.304000,2026-04-07 23:17:02.515270,2026-04-07 23:17:02.336730,True,32.729
0b:63:1b:da:3e:3b,-85,92538,2026-04-07 23:17:02.354000,2026-04-07 23:17:02.664719,2026-04-07 23:17:02.486179,True,132.178
f5:05:dc:56:a4:77,-74,92638,2026-04-07 23:17:02.454000,2026-04-07 23:17:02.665728,2026-04-07 23:17:02.486179,True,32.178
1d:a8:40:2d:17:f8,-82,92688,2026-04-07 23:17:02.504000,2026-04-07 23:17:02.815381,2026-04-07 23:17:02.635834,True,131.833
49:1f:eb:cd:ba:d4,-68,92788,2026-04-07 23:17:02.604000,2026-04-07 23:17:02.815381,2026-04-07 23:17:02.636841,True,32.84
1d:a8:40:2d:17:f8,-82,93288,2026-04-07 23:17:03.104000,2026-04-07 23:17:03.315809,2026-04-07 23:17:03.136259,True,32.258
f5:05:dc:56:a4:77,-83,93438,2026-04-07 23:17:03.254000,2026-04-07 23:17:03.465417,2026-04-07 23:17:03.286264,True,32.263
49:1f:eb:cd:ba:d4,-79,93738,2026-04-07 23:17:03.554000,2026-04-07 23:17:03.765223,2026-04-07 23:17:03.586683,True,32.682
57:14:14:81:01:ce,-66,93938,2026-04-07 23:17:03.754000,2026-04-07 23:17:03.965541,2026-04-07 23:17:03.785980,True,31.979
f5:05:dc:56:a4:77,-73,93988,2026-04-07 23:17:03.804000,2026-04-07 23:17:04.364763,2026-04-07 23:17:04.186223,True,382.222
81:fc:c7:5b:0c:d4,-48,94338,2026-04-07 23:17:04.154000,2026-04-07 23:17:04.365769,2026-04-07 23:17:04.187229,True,33.228
49:1f:eb:cd:ba:d4,-65,94688,2026-04-07 23:17:04.504000,2026-04-07 23:17:04.715129,2026-04-07 23:17:04.536589,True,32.588
1d:a8:40:2d:17:f8,-82,94923,2026-04-07 23:17:04.739000,2026-04-07 23:17:04.949780,2026-04-07 23:17:04.771240,True,32.239
57:14:14:81:01:ce,-75,94923,2026-04-07 23:17:04.739000,2026-04-07 23:17:05.114727,2026-04-07 23:17:04.936187,True,197.186
f5:05:dc:56:a4:77,-81,95088,2026-04-07 23:17:04.904000,2026-04-07 23:17:05.115739,2026-04-07 23:17:04.936187,True,32.186
49:1f:eb:cd:ba:d4,-67,95188,2026-04-07 23:17:05.004000,2026-04-07 23:17:05.564657,2026-04-07 23:17:05.386117,True,382.116
1d:a8:40:2d:17:f8,-83,95538,2026-04-07 23:17:05.354000,2026-04-07 23:17:05.565665,2026-04-07 23:17:05.386117,True,32.116
f5:05:dc:56:a4:77,-74,95638,2026-04-07 23:17:05.454000,2026-04-07 23:17:06.164698,2026-04-07 23:17:05.986158,True,532.157
49:1f:eb:cd:ba:d4,-79,96138,2026-04-07 23:17:05.954000,2026-04-07 23:17:06.166203,2026-04-07 23:17:05.986158,True,32.157
81:fc:c7:5b:0c:d4,-69,96338,2026-04-07 23:17:06.155000,2026-04-07 23:17:06.364813,2026-04-07 23:17:06.186273,True,31.272
1d:37:3c:38:64:c2,-72,96488,2026-04-07 23:17:06.304000,2026-04-07 23:17:06.514633,2026-04-07 23:17:06.336093,True,32.092
f5:05:dc:56:a4:77,-78,96738,2026-04-07 23:17:06.555000,2026-04-07 23:17:06.765147,2026-04-07 23:17:06.586607,True,31.606
57:14:14:81:01:ce,-67,96939,2026-04-07 23:17:06.755000,2026-04-07 23:17:06.965670,2026-04-07 23:17:06.786101,True,31.1
f5:05:dc:56:a4:77,-71,97289,2026-04-07 23:17:07.105000,2026-04-07 23:17:07.314664,2026-04-07 23:17:07.136124,True,31.123
49:1f:eb:cd:ba:d4,-68,97589,2026-04-07 23:17:07.405000,2026-04-07 23:17:07.615029,2026-04-07 23:17:07.436489,True,31.488
57:14:14:81:01:ce,-75,97939,2026-04-07 23:17:07.755000,2026-04-07 23:17:07.964837,2026-04-07 23:17:07.786297,True,31.296
81:fc:c7:5b:0c:d4,-52,98339,2026-04-07 23:17:08.155000,2026-04-07 23:17:08.365464,2026-04-07 23:17:08.186924,True,31.923
f5:05:dc:56:a4:77,-83,98382,2026-04-07 23:17:08.198000,2026-04-07 23:17:08.515102,2026-04-07 23:17:08.335554,True,137.554
1d:a8:40:2d:17:f8,-83,98382,2026-04-07 23:17:08.198000,2026-04-07 23:17:08.516119,2026-04-07 23:17:08.336562,True,138.561
1d:37:3c:38:64:c2,-73,98489,2026-04-07 23:17:08.305000,2026-04-07 23:17:08.516119,2026-04-07 23:17:08.337579,True,32.578
49:1f:eb:cd:ba:d4,-80,98539,2026-04-07 23:17:08.355000,2026-04-07 23:17:08.964750,2026-04-07 23:17:08.786210,True,431.209
f5:05:dc:56:a4:77,-73,98939,2026-04-07 23:17:08.755000,2026-04-07 23:17:08.965773,2026-04-07 23:17:08.787233,True,32.233
49:1f:eb:cd:ba:d4,-64,99489,2026-04-07 23:17:09.305000,2026-04-07 23:17:09.515432,2026-04-07 23:17:09.335881,True,30.88
57:14:14:81:01:ce,-66,99939,2026-04-07 23:17:09.755000,2026-04-07 23:17:09.965282,2026-04-07 23:17:09.786742,True,31.741
49:1f:eb:cd:ba:d4,-68,99989,2026-04-07 23:17:09.805000,2026-04-07 23:17:10.365272,2026-04-07 23:17:10.186732,True,381.731
1d:a8:40:2d:17:f8,-81,100039,2026-04-07 23:17:09.855000,2026-04-07 23:17:10.366330,2026-04-07 23:17:10.187790,True,332.789
81:fc:c7:5b:0c:d4,-75,100339,2026-04-07 23:17:10.155000,2026-04-07 23:17:10.367350,2026-04-07 23:17:10.187790,True,32.789
f5:05:dc:56:a4:77,-74,100589,2026-04-07 23:17:10.405000,2026-04-07 23:17:10.615745,2026-04-07 23:17:10.436206,True,31.205
1d:a8:40:2d:17:f8,-83,100639,2026-04-07 23:17:10.455000,2026-04-07 23:17:10.960658,2026-04-07 23:17:10.781102,True,326.101
57:14:14:81:01:ce,-75,100934,2026-04-07 23:17:10.750000,2026-04-07 23:17:10.961685,2026-04-07 23:17:10.782118,True,32.117
49:1f:eb:cd:ba:d4,-79,100934,2026-04-07 23:17:10.750000,2026-04-07 23:17:11.714996,2026-04-07 23:17:11.536456,True,786.455
f5:05:dc:56:a4:77,-80,101689,2026-04-07 23:17:11.505000,2026-04-07 23:17:11.716067,2026-04-07 23:17:11.536456,True,31.455
49:1f:eb:cd:ba:d4,-65,101889,2026-04-07 23:17:11.705000,2026-04-07 23:17:11.915599,2026-04-07 23:17:11.736053,True,31.052
57:14:14:81:01:ce,-80,101939,2026-04-07 23:17:11.755000,2026-04-07 23:17:12.265341,2026-04-07 23:17:12.085798,True,330.797
f5:05:dc:56:a4:77,-75,102239,2026-04-07 23:17:12.055000,2026-04-07 23:17:12.266342,2026-04-07 23:17:12.086801,True,31.8
1d:a8:40:2d:17:f8,-81,102289,2026-04-07 23:17:12.105000,2026-04-07 23:17:12.415765,2026-04-07 23:17:12.236219,True,131.218
81:fc:c7:5b:0c:d4,-70,102339,2026-04-07 23:17:12.155000,2026-04-07 23:17:12.415765,2026-04-07 23:17:12.237225,True,82.224
49:1f:eb:cd:ba:d4,-68,102389,2026-04-07 23:17:12.205000,2026-04-07 23:17:12.416788,2026-04-07 23:17:12.237225,True,32.224
1d:a8:40:2d:17:f8,-79,102889,2026-04-07 23:17:12.705000,2026-04-07 23:17:12.914956,2026-04-07 23:17:12.736416,True,31.415
57:14:14:81:01:ce,-66,102939,2026-04-07 23:17:12.755000,2026-04-07 23:17:13.354984,2026-04-07 23:17:13.176444,True,421.443
f5:05:dc:56:a4:77,-80,103328,2026-04-07 23:17:13.144000,2026-04-07 23:17:13.355997,2026-04-07 23:17:13.177457,True,33.456
49:1f:eb:cd:ba:d4,-77,103328,2026-04-07 23:17:13.144000,2026-04-07 23:17:13.915312,2026-04-07 23:17:13.735772,True,591.771
f5:05:dc:56:a4:77,-75,103889,2026-04-07 23:17:13.705000,2026-04-07 23:17:13.916312,2026-04-07 23:17:13.736772,True,31.771
57:14:14:81:01:ce,-75,103939,2026-04-07 23:17:13.755000,2026-04-07 23:17:14.314993,2026-04-07 23:17:14.136453,True,381.452
49:1f:eb:cd:ba:d4,-63,104289,2026-04-07 23:17:14.105000,2026-04-07 23:17:14.316181,2026-04-07 23:17:14.136453,True,31.452
1d:a8:40:2d:17:f8,-86,104539,2026-04-07 23:17:14.355000,2026-04-07 23:17:14.565201,2026-04-07 23:17:14.386661,True,31.66
49:1f:eb:cd:ba:d4,-69,104773,2026-04-07 23:17:14.589000,2026-04-07 23:17:14.799753,2026-04-07 23:17:14.621213,True,32.212
0b:63:1b:da:3e:3b,-75,104773,2026-04-07 23:17:14.589000,2026-04-07 23:17:15.015535,2026-04-07 23:17:14.835986,True,246.985
f5:05:dc:56:a4:77,-81,104989,2026-04-07 23:17:14.805000,2026-04-07 23:17:15.015535,2026-04-07 23:17:14.836995,True,31.995
0b:63:1b:da:3e:3b,-76,105089,2026-04-07 23:17:14.905000,2026-04-07 23:17:15.566051,2026-04-07 23:17:15.386565,True,481.564
f5:05:dc:56:a4:77,-75,105539,2026-04-07 23:17:15.355000,2026-04-07 23:17:15.567073,2026-04-07 23:17:15.387511,True,32.51
49:1f:eb:cd:ba:d4,-78,105731,2026-04-07 23:17:15.547000,2026-04-07 23:17:15.758073,2026-04-07 23:17:15.579533,True,32.532
1d:a8:40:2d:17:f8,-81,105731,2026-04-07 23:17:15.547000,2026-04-07 23:17:15.965229,2026-04-07 23:17:15.786689,True,239.688
57:14:14:81:01:ce,-67,105939,2026-04-07 23:17:15.755000,2026-04-07 23:17:15.966231,2026-04-07 23:17:15.786689,True,31.688
49:1f:eb:cd:ba:d4,-64,106239,2026-04-07 23:17:16.055000,2026-04-07 23:17:16.265219,2026-04-07 23:17:16.086679,True,31.678
50:03:85:be:7b:d6,-75,106589,2026-04-07 23:17:16.405000,2026-04-07 23:17:16.615387,2026-04-07 23:17:16.435823,True,30.822
f5:05:dc:56:a4:77,-80,106929,2026-04-07 23:17:16.745000,2026-04-07 23:17:16.955440,2026-04-07 23:17:16.775842,True,30.841
57:14:14:81:01:ce,-74,106929,2026-04-07 23:17:16.745000,2026-04-07 23:17:17.115510,2026-04-07 23:17:16.935969,True,190.969
0b:63:1b:da:3e:3b,-83,107089,2026-04-07 23:17:16.905000,2026-04-07 23:17:17.115510,2026-04-07 23:17:16.936970,True,31.969
49:1f:eb:cd:ba:d4,-70,107185,2026-04-07 23:17:17.001000,2026-04-07 23:17:17.415622,2026-04-07 23:17:17.236075,True,235.074
f5:05:dc:56:a4:77,-74,107185,2026-04-07 23:17:17.001000,2026-04-07 23:17:17.415622,2026-04-07 23:17:17.237082,True,236.081
1d:a8:40:2d:17:f8,-85,107389,2026-04-07 23:17:17.205000,2026-04-07 23:17:17.416639,2026-04-07 23:17:17.237082,True,32.081
f5:05:dc:56:a4:77,-75,107489,2026-04-07 23:17:17.305000,2026-04-07 23:17:18.165274,2026-04-07 23:17:17.985727,True,680.726
49:1f:eb:cd:ba:d4,-78,108139,2026-04-07 23:17:17.955000,2026-04-07 23:17:18.165274,2026-04-07 23:17:17.986734,True,31.733
f5:05:dc:56:a4:77,-82,108289,2026-04-07 23:17:18.105000,2026-04-07 23:17:18.314984,2026-04-07 23:17:18.136444,True,31.443
50:03:85:be:7b:d6,-79,108589,2026-04-07 23:17:18.405000,2026-04-07 23:17:18.615830,2026-04-07 23:17:18.436246,True,31.245
f5:05:dc:56:a4:77,-74,108839,2026-04-07 23:17:18.655000,2026-04-07 23:17:18.865174,2026-04-07 23:17:18.686634,True,31.633
57:14:14:81:01:ce,-66,108939,2026-04-07 23:17:18.755000,2026-04-07 23:17:19.065126,2026-04-07 23:17:18.886586,True,131.585
1d:a8:40:2d:17:f8,-85,109039,2026-04-07 23:17:18.855000,2026-04-07 23:17:19.066134,2026-04-07 23:17:18.887594,True,32.593
49:1f:eb:cd:ba:d4,-70,109589,2026-04-07 23:17:19.405000,2026-04-07 23:17:19.614847,2026-04-07 23:17:19.436307,True,31.306
1d:a8:40:2d:17:f8,-83,109639,2026-04-07 23:17:19.455000,2026-04-07 23:17:19.954192,2026-04-07 23:17:19.774645,True,319.644
57:14:14:81:01:ce,-74,109927,2026-04-07 23:17:19.743000,2026-04-07 23:17:19.954192,2026-04-07 23:17:19.775652,True,32.651
f5:05:dc:56:a4:77,-84,109927,2026-04-07 23:17:19.743000,2026-04-07 23:17:20.266199,2026-04-07 23:17:20.086634,True,343.633
1d:a8:40:2d:17:f8,-84,110239,2026-04-07 23:17:20.055000,2026-04-07 23:17:20.266199,2026-04-07 23:17:20.087659,True,32.659
f5:05:dc:56:a4:77,-75,110489,2026-04-07 23:17:20.305000,2026-04-07 23:17:20.515068,2026-04-07 23:17:20.336528,True,31.527
49:1f:eb:cd:ba:d4,-80,110539,2026-04-07 23:17:20.355000,2026-04-07 23:17:21.514947,2026-04-07 23:17:21.336407,True,981.406
49:1f:eb:cd:ba:d4,-65,111489,2026-04-07 23:17:21.305000,2026-04-07 23:17:21.516118,2026-04-07 23:17:21.337578,True,32.577
f5:05:dc:56:a4:77,-80,111589,2026-04-07 23:17:21.405000,2026-04-07 23:17:21.915125,2026-04-07 23:17:21.736585,True,331.584
1d:a8:40:2d:17:f8,-83,111889,2026-04-07 23:17:21.705000,2026-04-07 23:17:21.916125,2026-04-07 23:17:21.736585,True,31.584
57:14:14:81:01:ce,-66,111939,2026-04-07 23:17:21.755000,2026-04-07 23:17:22.165735,2026-04-07 23:17:21.986191,True,231.19
49:1f:eb:cd:ba:d4,-67,111989,2026-04-07 23:17:21.805000,2026-04-07 23:17:22.165735,2026-04-07 23:17:21.987195,True,182.194
f5:05:dc:56:a4:77,-73,112139,2026-04-07 23:17:21.955000,2026-04-07 23:17:22.166821,2026-04-07 23:17:21.987195,True,32.194
81:fc:c7:5b:0c:d4,-70,112389,2026-04-07 23:17:22.205000,2026-04-07 23:17:22.415155,2026-04-07 23:17:22.236615,True,31.614
1d:a8:40:2d:17:f8,-86,112489,2026-04-07 23:17:22.305000,2026-04-07 23:17:22.615738,2026-04-07 23:17:22.436194,True,131.193
50:03:85:be:7b:d6,-74,112589,2026-04-07 23:17:22.405000,2026-04-07 23:17:22.615738,2026-04-07 23:17:22.437198,True,32.197
49:1f:eb:cd:ba:d4,-78,112932,2026-04-07 23:17:22.748000,2026-04-07 23:17:22.958972,2026-04-07 23:17:22.780432,True,32.431
57:14:14:81:01:ce,-76,112932,2026-04-07 23:17:22.748000,2026-04-07 23:17:23.115515,2026-04-07 23:17:22.935946,True,187.945
1d:a8:40:2d:17:f8,-79,113089,2026-04-07 23:17:22.905000,2026-04-07 23:17:23.116525,2026-04-07 23:17:22.936975,True,31.974
f5:05:dc:56:a4:77,-74,113789,2026-04-07 23:17:23.605000,2026-04-07 23:17:23.815759,2026-04-07 23:17:23.636211,True,31.21
49:1f:eb:cd:ba:d4,-64,113889,2026-04-07 23:17:23.705000,2026-04-07 23:17:24.164907,2026-04-07 23:17:23.986367,True,281.366
1d:a8:40:2d:17:f8,-83,114139,2026-04-07 23:17:23.955000,2026-04-07 23:17:24.165909,2026-04-07 23:17:23.986367,True,31.366
1d:37:3c:38:64:c2,-72,114539,2026-04-07 23:17:24.355000,2026-04-07 23:17:24.565066,2026-04-07 23:17:24.386526,True,31.525
50:03:85:be:7b:d6,-84,114589,2026-04-07 23:17:24.405000,2026-04-07 23:17:24.915268,2026-04-07 23:17:24.736728,True,331.727
f5:05:dc:56:a4:77,-83,114889,2026-04-07 23:17:24.705000,2026-04-07 23:17:24.916272,2026-04-07 23:17:24.736728,True,31.727
57:14:14:81:01:ce,-67,114939,2026-04-07 23:17:24.755000,2026-04-07 23:17:25.365911,2026-04-07 23:17:25.186362,True,431.361
49:1f:eb:cd:ba:d4,-79,115339,2026-04-07 23:17:25.155000,2026-04-07 23:17:25.366920,2026-04-07 23:17:25.187371,True,32.37
f5:05:dc:56:a4:77,-76,115439,2026-04-07 23:17:25.255000,2026-04-07 23:17:25.965821,2026-04-07 23:17:25.786273,True,531.272
57:14:14:81:01:ce,-75,115939,2026-04-07 23:17:25.755000,2026-04-07 23:17:25.965821,2026-04-07 23:17:25.787281,True,32.28
49:1f:eb:cd:ba:d4,-64,116289,2026-04-07 23:17:26.105000,2026-04-07 23:17:26.315517,2026-04-07 23:17:26.135973,True,30.972
1d:a8:40:2d:17:f8,-80,116389,2026-04-07 23:17:26.205000,2026-04-07 23:17:26.554023,2026-04-07 23:17:26.375483,True,170.482
1d:37:3c:38:64:c2,-82,116527,2026-04-07 23:17:26.344000,2026-04-07 23:17:26.555116,2026-04-07 23:17:26.375483,True,31.482
f5:05:dc:56:a4:77,-81,116528,2026-04-07 23:17:26.344000,2026-04-07 23:17:26.815750,2026-04-07 23:17:26.636449,True,292.448
49:1f:eb:cd:ba:d4,-68,116789,2026-04-07 23:17:26.605000,2026-04-07 23:17:26.816787,2026-04-07 23:17:26.637210,True,32.209
1d:a8:40:2d:17:f8,-82,116989,2026-04-07 23:17:26.805000,2026-04-07 23:17:27.015608,2026-04-07 23:17:26.836063,True,31.062
f5:05:dc:56:a4:77,-74,117089,2026-04-07 23:17:26.905000,2026-04-07 23:17:27.414951,2026-04-07 23:17:27.236411,True,331.41
f5:05:dc:56:a4:77,-73,117389,2026-04-07 23:17:27.205000,2026-04-07 23:17:27.415974,2026-04-07 23:17:27.237434,True,32.433
49:1f:eb:cd:ba:d4,-78,117739,2026-04-07 23:17:27.555000,2026-04-07 23:17:27.765221,2026-04-07 23:17:27.586681,True,31.681
57:14:14:81:01:ce,-67,117939,2026-04-07 23:17:27.755000,2026-04-07 23:17:27.965951,2026-04-07 23:17:27.786404,True,31.403
1d:a8:40:2d:17:f8,-85,118039,2026-04-07 23:17:27.855000,2026-04-07 23:17:28.215032,2026-04-07 23:17:28.036492,True,181.491
f5:05:dc:56:a4:77,-83,118189,2026-04-07 23:17:28.005000,2026-04-07 23:17:28.216041,2026-04-07 23:17:28.036492,True,31.491
81:fc:c7:5b:0c:d4,-68,118389,2026-04-07 23:17:28.205000,2026-04-07 23:17:28.415628,2026-04-07 23:17:28.236080,True,31.079
1d:37:3c:38:64:c2,-75,118539,2026-04-07 23:17:28.355000,2026-04-07 23:17:28.565723,2026-04-07 23:17:28.385980,True,30.979
1d:a8:40:2d:17:f8,-85,118639,2026-04-07 23:17:28.455000,2026-04-07 23:17:28.715359,2026-04-07 23:17:28.536819,True,81.818
49:1f:eb:cd:ba:d4,-64,118689,2026-04-07 23:17:28.505000,2026-04-07 23:17:28.716375,2026-04-07 23:17:28.537835,True,32.835
57:14:14:81:01:ce,-75,118939,2026-04-07 23:17:28.755000,2026-04-07 23:17:28.965370,2026-04-07 23:17:28.786830,True,31.829
f5:05:dc:56:a4:77,-76,119039,2026-04-07 23:17:28.855000,2026-04-07 23:17:29.215199,2026-04-07 23:17:29.036659,True,181.658
49:1f:eb:cd:ba:d4,-67,119189,2026-04-07 23:17:29.005000,2026-04-07 23:17:29.216326,2026-04-07 23:17:29.036659,True,31.658
1d:a8:40:2d:17:f8,-81,119689,2026-04-07 23:17:29.505000,2026-04-07 23:17:29.714977,2026-04-07 23:17:29.536437,True,31.436
f5:05:dc:56:a4:77,-82,119839,2026-04-07 23:17:29.655000,2026-04-07 23:17:29.865614,2026-04-07 23:17:29.686064,True,31.063
f5:05:dc:56:a4:77,-82,120127,2026-04-07 23:17:29.943000,2026-04-07 23:17:30.153592,2026-04-07 23:17:29.974042,True,31.041
49:1f:eb:cd:ba:d4,-77,120127,2026-04-07 23:17:29.943000,2026-04-07 23:17:30.315123,2026-04-07 23:17:30.136583,True,193.582
1d:a8:40:2d:17:f8,-82,120289,2026-04-07 23:17:30.105000,2026-04-07 23:17:30.316124,2026-04-07 23:17:30.136583,True,31.582
f5:05:dc:56:a4:77,-76,120387,2026-04-07 23:17:30.203000,2026-04-07 23:17:30.564934,2026-04-07 23:17:30.386394,True,183.393
81:fc:c7:5b:0c:d4,-53,120387,2026-04-07 23:17:30.203000,2026-04-07 23:17:30.565954,2026-04-07 23:17:30.387414,True,184.413
1d:37:3c:38:64:c2,-72,120539,2026-04-07 23:17:30.355000,2026-04-07 23:17:30.565954,2026-04-07 23:17:30.387414,True,32.413
57:14:14:81:01:ce,-66,120939,2026-04-07 23:17:30.755000,2026-04-07 23:17:30.965333,2026-04-07 23:17:30.786793,True,31.792
f5:05:dc:56:a4:77,-84,121489,2026-04-07 23:17:31.305000,2026-04-07 23:17:31.514957,2026-04-07 23:17:31.336417,True,31.416
49:1f:eb:cd:ba:d4,-68,121589,2026-04-07 23:17:31.405000,2026-04-07 23:17:31.949764,2026-04-07 23:17:31.771224,True,366.223
1d:a8:40:2d:17:f8,-84,121924,2026-04-07 23:17:31.740000,2026-04-07 23:17:31.950772,2026-04-07 23:17:31.772232,True,32.231
57:14:14:81:01:ce,-74,121924,2026-04-07 23:17:31.740000,2026-04-07 23:17:32.065499,2026-04-07 23:17:31.885953,True,145.952
f5:05:dc:56:a4:77,-74,122039,2026-04-07 23:17:31.855000,2026-04-07 23:17:32.066616,2026-04-07 23:17:31.886959,True,31.958
49:1f:eb:cd:ba:d4,-76,122533,2026-04-07 23:17:32.349000,2026-04-07 23:17:32.558913,2026-04-07 23:17:32.380373,True,31.372
1d:37:3c:38:64:c2,-82,122533,2026-04-07 23:17:32.349000,2026-04-07 23:17:33.065448,2026-04-07 23:17:32.886908,True,537.907
49:1f:eb:cd:ba:d4,-65,123039,2026-04-07 23:17:32.855000,2026-04-07 23:17:33.066461,2026-04-07 23:17:32.887921,True,32.92
f5:05:dc:56:a4:77,-82,123139,2026-04-07 23:17:32.955000,2026-04-07 23:17:33.615526,2026-04-07 23:17:33.435981,True,480.98
1d:a8:40:2d:17:f8,-83,123589,2026-04-07 23:17:33.405000,2026-04-07 23:17:33.616702,2026-04-07 23:17:33.436986,True,31.985
f5:05:dc:56:a4:77,-73,123689,2026-04-07 23:17:33.505000,2026-04-07 23:17:33.965821,2026-04-07 23:17:33.786205,True,281.204
57:14:14:81:01:ce,-66,123939,2026-04-07 23:17:33.755000,2026-04-07 23:17:33.965821,2026-04-07 23:17:33.787281,True,32.28
1d:a8:40:2d:17:f8,-83,124189,2026-04-07 23:17:34.005000,2026-04-07 23:17:34.215737,2026-04-07 23:17:34.036188,True,31.188
1d:37:3c:38:64:c2,-71,124539,2026-04-07 23:17:34.355000,2026-04-07 23:17:34.565169,2026-04-07 23:17:34.386629,True,31.628
50:03:85:be:7b:d6,-80,124639,2026-04-07 23:17:34.455000,2026-04-07 23:17:34.815215,2026-04-07 23:17:34.636675,True,181.675
f5:05:dc:56:a4:77,-81,124789,2026-04-07 23:17:34.605000,2026-04-07 23:17:34.816365,2026-04-07 23:17:34.636675,True,31.675
57:14:14:81:01:ce,-74,124929,2026-04-07 23:17:34.745000,2026-04-07 23:17:34.954790,2026-04-07 23:17:34.776250,True,31.25
49:1f:eb:cd:ba:d4,-77,124929,2026-04-07 23:17:34.745000,2026-04-07 23:17:35.366328,2026-04-07 23:17:35.186588,True,441.587
f5:05:dc:56:a4:77,-76,125339,2026-04-07 23:17:35.155000,2026-04-07 23:17:35.366328,2026-04-07 23:17:35.187788,True,32.787
49:1f:eb:cd:ba:d4,-65,125439,2026-04-07 23:17:35.255000,2026-04-07 23:17:35.865039,2026-04-07 23:17:35.686499,True,431.499
1d:a8:40:2d:17:f8,-81,125839,2026-04-07 23:17:35.655000,2026-04-07 23:17:35.866043,2026-04-07 23:17:35.686499,True,31.499
49:1f:eb:cd:ba:d4,-69,126389,2026-04-07 23:17:36.205000,2026-04-07 23:17:36.414945,2026-04-07 23:17:36.236405,True,31.404
1d:a8:40:2d:17:f8,-80,126439,2026-04-07 23:17:36.255000,2026-04-07 23:17:36.715090,2026-04-07 23:17:36.536550,True,281.549
f5:05:dc:56:a4:77,-76,126689,2026-04-07 23:17:36.505000,2026-04-07 23:17:36.716114,2026-04-07 23:17:36.537574,True,32.573
57:14:14:81:01:ce,-66,126939,2026-04-07 23:17:36.755000,2026-04-07 23:17:36.965259,2026-04-07 23:17:36.786719,True,31.718
f5:05:dc:56:a4:77,-73,126989,2026-04-07 23:17:36.805000,2026-04-07 23:17:37.365262,2026-04-07 23:17:37.186722,True,381.721
1d:a8:40:2d:17:f8,-82,127039,2026-04-07 23:17:36.855000,2026-04-07 23:17:37.366266,2026-04-07 23:17:37.186722,True,331.721
49:1f:eb:cd:ba:d4,-76,127339,2026-04-07 23:17:37.155000,2026-04-07 23:17:37.366266,2026-04-07 23:17:37.187726,True,32.725
f5:05:dc:56:a4:77,-80,127789,2026-04-07 23:17:37.605000,2026-04-07 23:17:37.815969,2026-04-07 23:17:37.636401,True,31.4
57:14:14:81:01:ce,-74,127939,2026-04-07 23:17:37.755000,2026-04-07 23:17:37.965045,2026-04-07 23:17:37.786505,True,31.504
f5:05:dc:56:a4:77,-83,128089,2026-04-07 23:17:37.905000,2026-04-07 23:17:38.115729,2026-04-07 23:17:37.936182,True,31.181
49:1f:eb:cd:ba:d4,-65,128289,2026-04-07 23:17:38.105000,2026-04-07 23:17:38.314940,2026-04-07 23:17:38.136400,True,31.399
f5:05:dc:56:a4:77,-73,128339,2026-04-07 23:17:38.155000,2026-04-07 23:17:38.465948,2026-04-07 23:17:38.286400,True,131.399
81:fc:c7:5b:0c:d4,-73,128439,2026-04-07 23:17:38.255000,2026-04-07 23:17:38.465948,2026-04-07 23:17:38.287408,True,32.408
50:03:85:be:7b:d6,-73,128639,2026-04-07 23:17:38.455000,2026-04-07 23:17:38.665375,2026-04-07 23:17:38.486835,True,31.834
49:1f:eb:cd:ba:d4,-68,128789,2026-04-07 23:17:38.605000,2026-04-07 23:17:38.816204,2026-04-07 23:17:38.636659,True,31.658
49:1f:eb:cd:ba:d4,-76,129735,2026-04-07 23:17:39.551000,2026-04-07 23:17:39.760898,2026-04-07 23:17:39.582358,True,31.358
f5:05:dc:56:a4:77,-84,129735,2026-04-07 23:17:39.551000,2026-04-07 23:17:39.965831,2026-04-07 23:17:39.787291,True,236.29
57:14:14:81:01:ce,-67,129939,2026-04-07 23:17:39.755000,2026-04-07 23:17:39.966881,2026-04-07 23:17:39.788341,True,33.34
49:1f:eb:cd:ba:d4,-65,130239,2026-04-07 23:17:40.055000,2026-04-07 23:17:40.265964,2026-04-07 23:17:40.086415,True,31.414
f5:05:dc:56:a4:77,-74,130289,2026-04-07 23:17:40.105000,2026-04-07 23:17:40.465122,2026-04-07 23:17:40.286582,True,181.581
81:fc:c7:5b:0c:d4,-52,130439,2026-04-07 23:17:40.255000,2026-04-07 23:17:40.466250,2026-04-07 23:17:40.287710,True,32.709
50:03:85:be:7b:d6,-78,130639,2026-04-07 23:17:40.455000,2026-04-07 23:17:40.665357,2026-04-07 23:17:40.486817,True,31.817
49:1f:eb:cd:ba:d4,-65,130689,2026-04-07 23:17:40.505000,2026-04-07 23:17:40.949982,2026-04-07 23:17:40.770436,True,265.435
1d:a8:40:2d:17:f8,-82,130923,2026-04-07 23:17:40.739000,2026-04-07 23:17:40.949982,2026-04-07 23:17:40.771442,True,32.441
57:14:14:81:01:ce,-73,130924,2026-04-07 23:17:40.740000,2026-04-07 23:17:41.215427,2026-04-07 23:17:41.036887,True,296.886
49:1f:eb:cd:ba:d4,-68,131189,2026-04-07 23:17:41.005000,2026-04-07 23:17:41.216460,2026-04-07 23:17:41.036887,True,31.886
f5:05:dc:56:a4:77,-80,131389,2026-04-07 23:17:41.205000,2026-04-07 23:17:41.415973,2026-04-07 23:17:41.236413,True,31.412
1d:a8:40:2d:17:f8,-83,131539,2026-04-07 23:17:41.355000,2026-04-07 23:17:41.565955,2026-04-07 23:17:41.386407,True,31.406
f5:05:dc:56:a4:77,-72,131939,2026-04-07 23:17:41.755000,2026-04-07 23:17:41.965278,2026-04-07 23:17:41.786738,True,31.737
49:1f:eb:cd:ba:d4,-77,132139,2026-04-07 23:17:41.955000,2026-04-07 23:17:42.165402,2026-04-07 23:17:41.986862,True,31.861
81:fc:c7:5b:0c:d4,-48,132439,2026-04-07 23:17:42.255000,2026-04-07 23:17:42.465878,2026-04-07 23:17:42.286289,True,31.288
1d:a8:40:2d:17:f8,-84,132589,2026-04-07 23:17:42.405000,2026-04-07 23:17:42.615242,2026-04-07 23:17:42.436702,True,31.701
57:14:14:81:01:ce,-66,132939,2026-04-07 23:17:42.755000,2026-04-07 23:17:42.965855,2026-04-07 23:17:42.786287,True,31.286
f5:05:dc:56:a4:77,-82,133039,2026-04-07 23:17:42.855000,2026-04-07 23:17:43.065302,2026-04-07 23:17:42.886762,True,31.761
1d:a8:40:2d:17:f8,-81,133189,2026-04-07 23:17:43.005000,2026-04-07 23:17:43.215477,2026-04-07 23:17:43.036937,True,31.936
f5:05:dc:56:a4:77,-75,133289,2026-04-07 23:17:43.105000,2026-04-07 23:17:43.315649,2026-04-07 23:17:43.137109,True,32.108
49:1f:eb:cd:ba:d4,-67,133575,2026-04-07 23:17:43.391000,2026-04-07 23:17:43.601395,2026-04-07 23:17:43.421840,True,30.839
